-- phpMyAdmin SQL Dump
-- version 4.7.7
-- https://www.phpmyadmin.net/
--
-- Host: localhost
-- Generation Time: Nov 01, 2019 at 09:24 AM
-- Server version: 5.7.21-log
-- PHP Version: 7.2.1

SET SQL_MODE = "NO_AUTO_VALUE_ON_ZERO";
SET AUTOCOMMIT = 0;
START TRANSACTION;
SET time_zone = "+00:00";


/*!40101 SET @OLD_CHARACTER_SET_CLIENT=@@CHARACTER_SET_CLIENT */;
/*!40101 SET @OLD_CHARACTER_SET_RESULTS=@@CHARACTER_SET_RESULTS */;
/*!40101 SET @OLD_COLLATION_CONNECTION=@@COLLATION_CONNECTION */;
/*!40101 SET NAMES utf8mb4 */;

--
-- Database: `laravel-e-commerce-restful-api`
--

-- --------------------------------------------------------

--
-- Table structure for table `failed_jobs`
--

CREATE TABLE `failed_jobs` (
  `id` bigint(20) UNSIGNED NOT NULL,
  `connection` text COLLATE utf8mb4_unicode_ci NOT NULL,
  `queue` text COLLATE utf8mb4_unicode_ci NOT NULL,
  `payload` longtext COLLATE utf8mb4_unicode_ci NOT NULL,
  `exception` longtext COLLATE utf8mb4_unicode_ci NOT NULL,
  `failed_at` timestamp NOT NULL DEFAULT CURRENT_TIMESTAMP
) ENGINE=InnoDB DEFAULT CHARSET=utf8mb4 COLLATE=utf8mb4_unicode_ci;

-- --------------------------------------------------------

--
-- Table structure for table `migrations`
--

CREATE TABLE `migrations` (
  `id` int(10) UNSIGNED NOT NULL,
  `migration` varchar(255) COLLATE utf8mb4_unicode_ci NOT NULL,
  `batch` int(11) NOT NULL
) ENGINE=InnoDB DEFAULT CHARSET=utf8mb4 COLLATE=utf8mb4_unicode_ci;

--
-- Dumping data for table `migrations`
--

INSERT INTO `migrations` (`id`, `migration`, `batch`) VALUES
(1, '2014_10_12_000000_create_users_table', 1),
(2, '2014_10_12_100000_create_password_resets_table', 1),
(3, '2019_08_19_000000_create_failed_jobs_table', 1),
(4, '2019_11_01_064751_create_products_table', 1),
(5, '2019_11_01_064829_create_reviews_table', 1);

-- --------------------------------------------------------

--
-- Table structure for table `password_resets`
--

CREATE TABLE `password_resets` (
  `email` varchar(255) COLLATE utf8mb4_unicode_ci NOT NULL,
  `token` varchar(255) COLLATE utf8mb4_unicode_ci NOT NULL,
  `created_at` timestamp NULL DEFAULT NULL
) ENGINE=InnoDB DEFAULT CHARSET=utf8mb4 COLLATE=utf8mb4_unicode_ci;

-- --------------------------------------------------------

--
-- Table structure for table `products`
--

CREATE TABLE `products` (
  `id` bigint(20) UNSIGNED NOT NULL,
  `name` varchar(255) COLLATE utf8mb4_unicode_ci NOT NULL,
  `detail` text COLLATE utf8mb4_unicode_ci NOT NULL,
  `price` int(11) NOT NULL,
  `stock` int(11) NOT NULL,
  `discount` int(11) NOT NULL,
  `created_at` timestamp NULL DEFAULT NULL,
  `updated_at` timestamp NULL DEFAULT NULL
) ENGINE=InnoDB DEFAULT CHARSET=utf8mb4 COLLATE=utf8mb4_unicode_ci;

--
-- Dumping data for table `products`
--

INSERT INTO `products` (`id`, `name`, `detail`, `price`, `stock`, `discount`, `created_at`, `updated_at`) VALUES
(1, 'corrupti', 'Non et similique nostrum tempore nihil. Debitis omnis sint in quae numquam. Adipisci tempore explicabo qui.', 500, 4, 19, '2019-11-01 01:21:02', '2019-11-01 01:21:02'),
(2, 'excepturi', 'Odio corporis et similique deserunt. Non tempora deleniti aut deserunt praesentium iste. Hic quis a impedit voluptatem. Autem et et ad quae vitae qui et.', 495, 5, 19, '2019-11-01 01:21:02', '2019-11-01 01:21:02'),
(3, 'facilis', 'Qui non perferendis temporibus neque est molestiae quas. Accusantium dolorem consectetur autem sit molestias quia. Atque quos impedit quo sed dolor non modi assumenda. Fuga suscipit perferendis ex qui saepe perspiciatis voluptas. Eaque placeat illo et aut.', 188, 2, 26, '2019-11-01 01:21:02', '2019-11-01 01:21:02'),
(4, 'tempore', 'Laborum voluptatibus aperiam cupiditate facilis placeat rerum. Reprehenderit eum cupiditate est molestias dolorem ut.', 208, 4, 20, '2019-11-01 01:21:02', '2019-11-01 01:21:02'),
(5, 'eos', 'Molestiae et vero quae autem qui similique delectus. Est et earum autem consequatur eum consequatur. Dolores omnis voluptates maxime et.', 952, 9, 30, '2019-11-01 01:21:02', '2019-11-01 01:21:02'),
(6, 'facere', 'Ratione atque eos error ipsa tempore. Hic perferendis dolorum officiis sit nisi maiores quibusdam. Amet et aperiam iusto.', 534, 5, 9, '2019-11-01 01:21:02', '2019-11-01 01:21:02'),
(7, 'tenetur', 'Sint autem nam cumque ab voluptates id culpa sit. Iste officia corporis aliquid dolores ea eveniet error. Sunt eum quasi numquam odit molestiae at est. Hic eos magni sed quidem.', 612, 8, 25, '2019-11-01 01:21:02', '2019-11-01 01:21:02'),
(8, 'non', 'Est tempora a sunt facilis dolor. Quia iure cumque nobis non. Vel praesentium libero enim molestiae fugiat voluptatem a.', 708, 5, 13, '2019-11-01 01:21:02', '2019-11-01 01:21:02'),
(9, 'facilis', 'Sunt eum natus vel corrupti exercitationem. Quo sint impedit fugiat consequatur.', 909, 8, 27, '2019-11-01 01:21:02', '2019-11-01 01:21:02'),
(10, 'corrupti', 'Quae iste aut illum alias perspiciatis itaque atque dolorem. Rerum corrupti nostrum est qui. Porro molestiae dolor possimus.', 659, 1, 22, '2019-11-01 01:21:02', '2019-11-01 01:21:02'),
(11, 'aliquid', 'Alias officiis dolores et voluptas quam. Hic neque rerum aut voluptatem explicabo numquam nesciunt. Qui et quas quasi. Aspernatur minus vel adipisci autem et eum vero mollitia.', 486, 8, 10, '2019-11-01 01:21:02', '2019-11-01 01:21:02'),
(12, 'eum', 'Totam molestiae omnis natus deserunt pariatur aut. Ad qui sit quibusdam et. Voluptates cum id nulla autem a dicta earum. Distinctio cupiditate odio cum reiciendis recusandae.', 265, 0, 16, '2019-11-01 01:21:02', '2019-11-01 01:21:02'),
(13, 'est', 'Optio nostrum vero enim temporibus. Est est fugiat officia nihil suscipit.', 833, 8, 7, '2019-11-01 01:21:02', '2019-11-01 01:21:02'),
(14, 'sequi', 'Ut omnis soluta ratione unde tenetur et et. Voluptatem impedit possimus eius aut sint velit. Qui dolorem alias nam repellendus. Consequuntur neque vitae sed aperiam voluptatem quia.', 294, 0, 4, '2019-11-01 01:21:02', '2019-11-01 01:21:02'),
(15, 'eveniet', 'Quod incidunt corporis recusandae voluptatum enim et sunt. Inventore in facere distinctio et dolores excepturi et. Dolor esse eius aut possimus aut quia.', 324, 8, 10, '2019-11-01 01:21:02', '2019-11-01 01:21:02'),
(16, 'earum', 'Qui nesciunt facere omnis molestias eos. Eum eum porro rerum ut. Quae facere consectetur nisi nihil rem in nihil. Vitae non expedita facilis dignissimos delectus et aspernatur.', 766, 9, 17, '2019-11-01 01:21:02', '2019-11-01 01:21:02'),
(17, 'error', 'Ratione exercitationem consequatur ad eaque qui harum dolor. Soluta atque dolores quam nihil rerum quae. Cum voluptatem omnis non modi minima exercitationem eaque illum. Reprehenderit quia architecto reprehenderit aut quam.', 350, 6, 27, '2019-11-01 01:21:02', '2019-11-01 01:21:02'),
(18, 'ad', 'Veritatis reiciendis quia omnis. Culpa hic ut rem est optio ea. Nisi nihil in distinctio excepturi aut. At quod ab quas rerum libero odio corporis.', 629, 6, 5, '2019-11-01 01:21:02', '2019-11-01 01:21:02'),
(19, 'dolor', 'Itaque nemo repudiandae velit dolores quia eius vero. Ipsum ea aspernatur dignissimos voluptate dolor modi omnis et. Deserunt soluta accusantium facilis et culpa. Aut voluptatum asperiores quaerat in quia praesentium.', 794, 1, 16, '2019-11-01 01:21:02', '2019-11-01 01:21:02'),
(20, 'eos', 'Reiciendis odio optio architecto ipsam laborum. Ea aut sit dolores amet unde. Et numquam quaerat dolores alias corporis. Enim dolorem harum nisi doloremque dicta eius.', 862, 2, 18, '2019-11-01 01:21:02', '2019-11-01 01:21:02'),
(21, 'delectus', 'Vitae atque dolore voluptatem nemo non est. Est et at aliquid quia aut laboriosam totam. Quaerat dolorem autem non.', 207, 9, 4, '2019-11-01 01:21:02', '2019-11-01 01:21:02'),
(22, 'sit', 'Quos magnam dolorum veritatis aperiam ut. Dolorem qui illum omnis unde omnis cupiditate. Mollitia officia qui laboriosam deserunt et.', 608, 8, 6, '2019-11-01 01:21:02', '2019-11-01 01:21:02'),
(23, 'perspiciatis', 'Nostrum qui omnis unde mollitia molestiae magnam qui. Et qui quas deleniti tempora. Corrupti praesentium tempora consectetur voluptatibus.', 248, 7, 19, '2019-11-01 01:21:02', '2019-11-01 01:21:02'),
(24, 'earum', 'Aut rerum eligendi ea. Quam dolorem pariatur ad quae error ullam aut. Cupiditate tenetur voluptas vero. Magnam dignissimos id nulla dolor.', 459, 9, 4, '2019-11-01 01:21:02', '2019-11-01 01:21:02'),
(25, 'dignissimos', 'Officia dolores distinctio cupiditate consequatur. Enim sit doloremque neque. Ut suscipit qui quaerat assumenda provident rerum. Ut provident fugit fugit et dicta.', 480, 7, 20, '2019-11-01 01:21:02', '2019-11-01 01:21:02'),
(26, 'quae', 'Suscipit voluptatem qui omnis est. Dolorem explicabo dolor sed sint mollitia. Consequatur debitis qui rerum similique rerum. Optio illum inventore nostrum neque.', 850, 2, 5, '2019-11-01 01:21:02', '2019-11-01 01:21:02'),
(27, 'porro', 'Ipsam mollitia sed quidem officiis sit aut velit. Est asperiores maxime sed illum sed aut. Iusto beatae deserunt dolorem dolore velit in natus minima. Tenetur dicta dolorem excepturi at id quia tenetur.', 788, 4, 2, '2019-11-01 01:21:02', '2019-11-01 01:21:02'),
(28, 'laboriosam', 'A temporibus pariatur cumque velit. Accusantium quibusdam eum ut repellat. Et fuga sit ab quia.', 143, 3, 27, '2019-11-01 01:21:02', '2019-11-01 01:21:02'),
(29, 'molestiae', 'Soluta aut consectetur illum non dolorum ut ipsa quis. Sint animi veritatis voluptates quo sit quis. Ex laborum incidunt voluptate. Velit voluptatem iste velit.', 861, 0, 3, '2019-11-01 01:21:02', '2019-11-01 01:21:02'),
(30, 'optio', 'Laboriosam ipsam odit rerum suscipit fugiat sunt enim. Id quae ut illum non explicabo blanditiis nostrum praesentium. Et reprehenderit nostrum voluptate debitis sint quia. Recusandae beatae accusamus saepe harum veritatis.', 186, 9, 18, '2019-11-01 01:21:02', '2019-11-01 01:21:02'),
(31, 'laboriosam', 'Itaque magnam velit possimus illum et vitae qui. Aperiam sed illo mollitia.', 525, 2, 18, '2019-11-01 01:21:02', '2019-11-01 01:21:02'),
(32, 'neque', 'Voluptatum ducimus laboriosam ratione voluptates qui et saepe. Sit officia nisi esse natus. Architecto dolores harum magnam vitae.', 401, 6, 16, '2019-11-01 01:21:02', '2019-11-01 01:21:02'),
(33, 'necessitatibus', 'Dicta et atque cupiditate omnis nam non. Reiciendis quis a eaque odit vel. Eum sint et alias. Unde eum earum voluptatem illo ea veritatis ea.', 289, 2, 11, '2019-11-01 01:21:02', '2019-11-01 01:21:02'),
(34, 'magnam', 'Doloremque sint incidunt recusandae et. Debitis sed qui at. Dignissimos quo debitis accusantium consequuntur cupiditate. Incidunt fugit nesciunt ab consectetur.', 811, 7, 28, '2019-11-01 01:21:02', '2019-11-01 01:21:02'),
(35, 'exercitationem', 'Quos et vel voluptas eveniet ipsum. Velit eveniet nobis in quibusdam. Corrupti in molestiae mollitia cumque quibusdam harum sint.', 625, 9, 12, '2019-11-01 01:21:02', '2019-11-01 01:21:02'),
(36, 'quasi', 'Et magni necessitatibus ad explicabo ipsum. Quia impedit beatae eaque accusamus. Neque ex delectus ducimus et. Ullam amet quidem vel dolore saepe quis. Quasi enim delectus sit illum omnis id.', 439, 3, 26, '2019-11-01 01:21:02', '2019-11-01 01:21:02'),
(37, 'ut', 'Harum aliquam ut non nulla quis ducimus cumque. Aliquid quo rerum rem qui. Voluptas quia tempore et placeat molestiae assumenda quasi nam. Eos minima voluptas quis fugiat.', 154, 6, 6, '2019-11-01 01:21:02', '2019-11-01 01:21:02'),
(38, 'sed', 'Consequuntur expedita perferendis sequi. Aut ut ratione aut natus sunt assumenda in. Qui non fugit voluptas voluptatem accusantium adipisci. Dolorem itaque itaque laborum voluptatibus dolorem.', 191, 1, 9, '2019-11-01 01:21:02', '2019-11-01 01:21:02'),
(39, 'eum', 'Iste quibusdam sint id quas qui fugiat et. Totam doloribus qui assumenda velit. Incidunt qui et cumque rerum fugiat autem quibusdam ducimus. Occaecati illum sunt nulla sed mollitia minus id.', 181, 0, 16, '2019-11-01 01:21:02', '2019-11-01 01:21:02'),
(40, 'voluptates', 'Maiores molestiae et natus quod. Et dignissimos quia nam molestiae animi ut impedit. Dolores vel ipsam architecto et laborum vero. Possimus dolorem aut et eligendi corrupti sint.', 403, 2, 18, '2019-11-01 01:21:02', '2019-11-01 01:21:02'),
(41, 'sit', 'Eum cum tempore in iure quidem similique. Blanditiis laudantium sequi quaerat numquam voluptatem. Maxime sint pariatur nobis cumque dolor.', 547, 4, 16, '2019-11-01 01:21:02', '2019-11-01 01:21:02'),
(42, 'unde', 'Ut ex qui aut ut et. Laborum natus nesciunt id ut quas. Ut voluptatibus pariatur saepe nemo.', 132, 5, 26, '2019-11-01 01:21:02', '2019-11-01 01:21:02'),
(43, 'qui', 'Consequatur consequatur sint natus eum suscipit modi sit. A laudantium ad dolorem ratione eaque. Et ut odio voluptas aliquam impedit voluptatum totam. Dolor eum vero aut.', 256, 3, 15, '2019-11-01 01:21:02', '2019-11-01 01:21:02'),
(44, 'numquam', 'Commodi a est consectetur harum qui repellendus quis. Beatae hic ipsam ducimus quis quia occaecati. Autem adipisci aliquam ut minus pariatur.', 392, 0, 6, '2019-11-01 01:21:02', '2019-11-01 01:21:02'),
(45, 'quae', 'Voluptatem expedita optio vero eveniet. Error saepe recusandae dolor praesentium.', 347, 6, 25, '2019-11-01 01:21:02', '2019-11-01 01:21:02'),
(46, 'ducimus', 'Iure voluptatibus sed nobis et animi. Eligendi eos ab sunt vel rem.', 198, 5, 25, '2019-11-01 01:21:02', '2019-11-01 01:21:02'),
(47, 'eveniet', 'Qui aliquam nobis enim sit harum. Excepturi culpa qui possimus cupiditate qui dolorem. Quae repellat vel aut nihil. Optio repudiandae possimus officiis delectus molestiae nulla.', 178, 8, 5, '2019-11-01 01:21:02', '2019-11-01 01:21:02'),
(48, 'qui', 'Provident quidem temporibus aut rerum facere qui dolores. Autem aut qui voluptas. Qui rerum non qui.', 931, 9, 30, '2019-11-01 01:21:02', '2019-11-01 01:21:02'),
(49, 'eius', 'Eos minima voluptas repellat et. Ipsum quo voluptates consequatur excepturi pariatur nam facilis. Ut vero necessitatibus rerum aut laborum exercitationem necessitatibus. Voluptatem repellat accusantium soluta debitis.', 258, 0, 14, '2019-11-01 01:21:02', '2019-11-01 01:21:02'),
(50, 'est', 'Consectetur consequatur dolorem voluptatem et sint id ut expedita. Vero voluptatem possimus quia. Et velit praesentium voluptatem incidunt. Dolorem aut quia omnis laudantium sit aperiam dolorem.', 901, 3, 26, '2019-11-01 01:21:02', '2019-11-01 01:21:02'),
(51, 'enim', 'Quia qui doloribus in odio velit molestiae. Id ea dolores quia ut eos ab laborum. Aspernatur laborum laudantium doloremque rerum soluta asperiores. Deleniti ut excepturi dolores ut.', 406, 4, 29, '2019-11-01 01:21:39', '2019-11-01 01:21:39'),
(52, 'sint', 'Neque sed ipsum quaerat suscipit. Dolor reprehenderit est non ipsum. Et minus perspiciatis nostrum et ipsa.', 502, 2, 24, '2019-11-01 01:21:39', '2019-11-01 01:21:39'),
(53, 'ut', 'Nulla ipsam nesciunt ipsa porro ab consequatur. Et nisi eius veniam omnis repellendus a dolores. Distinctio impedit qui cupiditate et at. Sed mollitia eos ex totam error.', 849, 4, 10, '2019-11-01 01:21:39', '2019-11-01 01:21:39'),
(54, 'fugiat', 'Placeat esse doloribus quia et. Qui molestiae dignissimos ut et facilis corrupti voluptatem. Totam voluptatem ab tempore corporis non ut.', 999, 3, 19, '2019-11-01 01:21:39', '2019-11-01 01:21:39'),
(55, 'tenetur', 'Unde consectetur culpa pariatur harum rerum veritatis in temporibus. Sit voluptatibus illo et laborum. Voluptatem perspiciatis explicabo voluptatem non.', 706, 2, 10, '2019-11-01 01:21:39', '2019-11-01 01:21:39'),
(56, 'perspiciatis', 'Magni corrupti corporis omnis qui dignissimos non. Eum ad culpa consectetur voluptatum est. Provident voluptatibus ut consequatur illum et et nam.', 108, 8, 11, '2019-11-01 01:21:39', '2019-11-01 01:21:39'),
(57, 'dolor', 'Enim nisi in et harum. Amet qui dolor voluptatem sint. Necessitatibus sed cupiditate voluptatem et fugit vel. Deleniti aut nam sint sapiente.', 317, 7, 20, '2019-11-01 01:21:39', '2019-11-01 01:21:39'),
(58, 'ullam', 'Est quia officia ut qui laudantium quis. Possimus eaque rerum qui saepe. Ut assumenda ea aut tenetur vero tempore sapiente.', 249, 5, 16, '2019-11-01 01:21:39', '2019-11-01 01:21:39'),
(59, 'et', 'Eos non rem inventore consequatur eveniet et odio. Dolores quos deleniti qui atque et reiciendis quisquam. Eos eaque omnis voluptas sapiente saepe eos.', 985, 1, 11, '2019-11-01 01:21:39', '2019-11-01 01:21:39'),
(60, 'saepe', 'Eius in fugit beatae minima eum sit qui. Doloribus voluptas eos dolorum molestiae vitae libero. Voluptatem autem est dicta dignissimos voluptatibus. Quo corrupti omnis atque beatae esse. Alias repudiandae rerum et minus quia voluptatem expedita.', 132, 1, 17, '2019-11-01 01:21:39', '2019-11-01 01:21:39'),
(61, 'mollitia', 'Illo excepturi ipsam enim. Et vitae et natus distinctio. Ut et aut maiores possimus ut officia temporibus quia. Necessitatibus quo et ut voluptas voluptatem.', 249, 5, 25, '2019-11-01 01:21:39', '2019-11-01 01:21:39'),
(62, 'accusamus', 'Voluptas excepturi totam est facere in. Laudantium quibusdam repudiandae eum. Non eum facere facere consequuntur ut.', 555, 7, 13, '2019-11-01 01:21:39', '2019-11-01 01:21:39'),
(63, 'sit', 'Dicta est laudantium vel et. Quibusdam eum rem ut nisi. Quisquam rerum reiciendis deserunt vitae nesciunt necessitatibus quia. Omnis sunt dolores architecto dignissimos accusantium. Sit culpa in aut fugiat officia maiores quia eius.', 620, 4, 30, '2019-11-01 01:21:39', '2019-11-01 01:21:39'),
(64, 'quod', 'Eum perspiciatis dolorum incidunt commodi. Aut dicta repellendus dignissimos. Doloribus id harum suscipit.', 194, 0, 27, '2019-11-01 01:21:39', '2019-11-01 01:21:39'),
(65, 'vel', 'Sunt quo repellendus et aspernatur neque assumenda. Ut atque necessitatibus itaque quos eos fuga. Recusandae architecto fugiat distinctio corrupti consequatur id.', 131, 8, 14, '2019-11-01 01:21:39', '2019-11-01 01:21:39'),
(66, 'soluta', 'Voluptates voluptatem cupiditate qui nobis nihil. Quis doloribus non animi et voluptas ea quo. Repellendus voluptatem aut nobis illo odit ex inventore. Repudiandae ea debitis itaque provident. Ipsum consectetur exercitationem nobis consequuntur et reprehenderit.', 578, 7, 27, '2019-11-01 01:21:39', '2019-11-01 01:21:39'),
(67, 'optio', 'Aut debitis maiores perspiciatis. Labore doloremque sed in voluptas quasi qui quasi dolores. Delectus optio odio sint inventore voluptatibus corrupti esse veritatis. Impedit dolor voluptatem aut eaque earum ut expedita molestias.', 710, 2, 22, '2019-11-01 01:21:39', '2019-11-01 01:21:39'),
(68, 'perspiciatis', 'Et rerum molestiae molestiae. Rerum quo beatae voluptates nisi. Repellendus aut autem quo in. Ipsa dolor quia hic.', 746, 2, 7, '2019-11-01 01:21:39', '2019-11-01 01:21:39'),
(69, 'et', 'Omnis repellendus adipisci occaecati omnis. Quibusdam facere qui ullam et consequuntur. Sit non accusamus possimus hic ut.', 426, 1, 26, '2019-11-01 01:21:39', '2019-11-01 01:21:39'),
(70, 'fuga', 'Vel temporibus laborum sint aut nulla sint excepturi. Explicabo accusamus optio eius aut nulla dolorum alias.', 313, 1, 14, '2019-11-01 01:21:39', '2019-11-01 01:21:39'),
(71, 'reiciendis', 'Autem quia delectus quam molestias quidem officiis odio aut. Animi odit aut ab numquam qui corrupti. Consequatur possimus sint ut.', 759, 5, 11, '2019-11-01 01:21:39', '2019-11-01 01:21:39'),
(72, 'est', 'Provident nam at harum occaecati. Aliquid sapiente temporibus enim ullam repellendus ea molestias. Excepturi officiis asperiores sint consequatur rerum consequatur officia dolor. Quod cumque quibusdam hic.', 294, 3, 17, '2019-11-01 01:21:39', '2019-11-01 01:21:39'),
(73, 'tempore', 'Qui et eum consequuntur voluptatem. Tempora quae qui ad commodi beatae voluptate. Eligendi dolor voluptatibus mollitia doloribus. Ratione omnis pariatur odio consectetur.', 983, 9, 17, '2019-11-01 01:21:39', '2019-11-01 01:21:39'),
(74, 'est', 'Quod amet iusto placeat velit aspernatur earum beatae. Sit nulla enim autem minus. Ut eos dolorem incidunt neque molestias. Optio vel dolorem facilis magni.', 275, 6, 15, '2019-11-01 01:21:39', '2019-11-01 01:21:39'),
(75, 'debitis', 'Nam a sed quia dolorem illum. Harum magnam ut voluptatem qui dignissimos rerum. Ea voluptatum ut esse alias nisi nesciunt et iure.', 876, 6, 3, '2019-11-01 01:21:39', '2019-11-01 01:21:39'),
(76, 'eum', 'Quia eius qui dolorum qui sit saepe tempore qui. Qui perferendis exercitationem ratione ea omnis. Possimus delectus fugit architecto ut et omnis. Nam corporis aspernatur sint sed rem ipsa.', 743, 3, 25, '2019-11-01 01:21:39', '2019-11-01 01:21:39'),
(77, 'consequatur', 'Autem eaque dolorem quam minima voluptas aspernatur quae. Iste architecto quae vel labore vitae.', 312, 4, 24, '2019-11-01 01:21:39', '2019-11-01 01:21:39'),
(78, 'pariatur', 'In aut repudiandae dicta dolore non. Reiciendis enim sequi quos aspernatur incidunt. Assumenda hic dolor delectus.', 933, 9, 27, '2019-11-01 01:21:39', '2019-11-01 01:21:39'),
(79, 'eligendi', 'In explicabo est eius et est consequatur. Dolorem incidunt odio nostrum saepe qui. Rerum sint aut omnis id. Dolor molestiae vitae neque totam fugiat. Est odit repellat ipsum deserunt sunt.', 791, 0, 28, '2019-11-01 01:21:39', '2019-11-01 01:21:39'),
(80, 'enim', 'Perspiciatis quia aut perspiciatis totam natus eaque. Qui ut consequatur blanditiis consequatur eaque deserunt dolores. Quia magni et cum aut maiores incidunt.', 514, 7, 18, '2019-11-01 01:21:39', '2019-11-01 01:21:39'),
(81, 'ut', 'Ad qui porro amet. Magni nostrum dolores ab autem.', 174, 6, 2, '2019-11-01 01:21:39', '2019-11-01 01:21:39'),
(82, 'accusantium', 'Officiis corporis vel qui rerum. Voluptate dolore dignissimos qui et non sint. Dolores magni et consequatur accusantium in tenetur et.', 130, 0, 5, '2019-11-01 01:21:39', '2019-11-01 01:21:39'),
(83, 'repudiandae', 'Doloremque eius beatae eius quos nisi. Optio cupiditate esse modi quo.', 347, 2, 19, '2019-11-01 01:21:39', '2019-11-01 01:21:39'),
(84, 'ut', 'Sint aspernatur vel omnis incidunt non ab. Nostrum repellendus consequuntur perferendis accusantium omnis. Quasi quod iure porro et dolorem odio dolor. Nobis et dolorem consectetur et qui magni quis.', 218, 0, 6, '2019-11-01 01:21:39', '2019-11-01 01:21:39'),
(85, 'quia', 'Voluptates officia dolorum et ad est sed. Omnis est magnam ab labore alias quaerat. Et magni et fugit dicta reprehenderit rerum. Et asperiores est autem eum sint fuga.', 480, 5, 3, '2019-11-01 01:21:39', '2019-11-01 01:21:39'),
(86, 'quo', 'Officia praesentium incidunt enim. Ducimus eligendi asperiores alias consequatur blanditiis aut. Et eos et quibusdam ut ullam quaerat.', 846, 6, 5, '2019-11-01 01:21:39', '2019-11-01 01:21:39'),
(87, 'vero', 'Ut iste sequi excepturi. Corporis est omnis quae expedita aliquid ducimus reiciendis.', 577, 4, 14, '2019-11-01 01:21:39', '2019-11-01 01:21:39'),
(88, 'et', 'Et et dolores possimus itaque. Placeat voluptatem recusandae alias quia. Excepturi dolores occaecati natus non quasi ut corporis.', 403, 6, 17, '2019-11-01 01:21:39', '2019-11-01 01:21:39'),
(89, 'rerum', 'Quia dolorum et aut ut et autem nesciunt. Eum fugit quam dolor tenetur ut saepe ut consectetur. Neque et nisi sit ut rerum ut. Ea quam est sapiente animi deserunt.', 909, 4, 4, '2019-11-01 01:21:39', '2019-11-01 01:21:39'),
(90, 'sit', 'Porro quasi magni nihil natus tenetur. Sunt sunt quo molestiae delectus itaque. Non quia earum maxime reprehenderit. Eum dolore animi necessitatibus assumenda.', 220, 9, 12, '2019-11-01 01:21:39', '2019-11-01 01:21:39'),
(91, 'voluptatem', 'Vitae labore exercitationem et repudiandae. Non iusto dolores ad fugiat. Magni ratione voluptas reprehenderit quia laboriosam. Iusto adipisci nihil ut laborum. Et ex hic iusto.', 828, 9, 25, '2019-11-01 01:21:39', '2019-11-01 01:21:39'),
(92, 'at', 'Praesentium tenetur totam sed itaque soluta. Perspiciatis non quam non.', 838, 3, 28, '2019-11-01 01:21:39', '2019-11-01 01:21:39'),
(93, 'dolores', 'Tempora aut iusto tenetur. Adipisci quasi eos recusandae iusto sapiente. Officia aperiam facilis accusamus pariatur asperiores ab necessitatibus totam. Numquam natus dolores expedita recusandae aut aut pariatur. Culpa corrupti ut qui et ut.', 575, 6, 22, '2019-11-01 01:21:39', '2019-11-01 01:21:39'),
(94, 'sed', 'Molestiae numquam assumenda qui aperiam distinctio. Doloribus qui adipisci ut autem unde culpa deleniti esse. Eaque ipsa consequatur explicabo. Distinctio accusantium consequatur officiis voluptates. Nisi similique eum corrupti autem.', 424, 9, 7, '2019-11-01 01:21:39', '2019-11-01 01:21:39'),
(95, 'voluptatum', 'Et tempora at officia dolores assumenda voluptatem minus. Quia sequi nihil et quo. Et cupiditate vitae laboriosam id. Sunt nulla animi dolores.', 800, 4, 26, '2019-11-01 01:21:39', '2019-11-01 01:21:39'),
(96, 'et', 'Libero harum ut provident voluptate qui culpa ipsum. Beatae blanditiis quae molestiae aut. Sit quisquam et a sunt sequi autem voluptatibus.', 358, 8, 3, '2019-11-01 01:21:39', '2019-11-01 01:21:39'),
(97, 'nihil', 'Soluta aliquid aut ea assumenda numquam. Voluptatum praesentium quae inventore consequuntur ex possimus nesciunt nihil. Quia autem qui fugiat qui officia consequatur provident.', 323, 3, 21, '2019-11-01 01:21:39', '2019-11-01 01:21:39'),
(98, 'dolore', 'Aperiam saepe sint illo fugit eius. Consequatur ea sed quae nihil dolorum sequi consequatur. Odit sed necessitatibus odio. Facere eligendi voluptate expedita dicta pariatur.', 117, 9, 3, '2019-11-01 01:21:39', '2019-11-01 01:21:39'),
(99, 'aut', 'Asperiores recusandae nisi ipsa sint inventore qui ea. Ut quasi cum optio eaque labore. Deleniti sint adipisci itaque ut deleniti nihil.', 510, 2, 12, '2019-11-01 01:21:39', '2019-11-01 01:21:39'),
(100, 'sint', 'Quis cupiditate cumque et illo facere quis molestiae. Et rerum sit est autem in nesciunt. Eum cumque aut magni quia. Earum at voluptas aut sit.', 259, 8, 26, '2019-11-01 01:21:39', '2019-11-01 01:21:39');

-- --------------------------------------------------------

--
-- Table structure for table `reviews`
--

CREATE TABLE `reviews` (
  `id` bigint(20) UNSIGNED NOT NULL,
  `product_id` bigint(20) UNSIGNED NOT NULL,
  `customer` varchar(255) COLLATE utf8mb4_unicode_ci NOT NULL,
  `review` text COLLATE utf8mb4_unicode_ci NOT NULL,
  `star` int(11) NOT NULL,
  `created_at` timestamp NULL DEFAULT NULL,
  `updated_at` timestamp NULL DEFAULT NULL
) ENGINE=InnoDB DEFAULT CHARSET=utf8mb4 COLLATE=utf8mb4_unicode_ci;

--
-- Dumping data for table `reviews`
--

INSERT INTO `reviews` (`id`, `product_id`, `customer`, `review`, `star`, `created_at`, `updated_at`) VALUES
(1, 53, 'Brandyn Kunze', 'Sunt aut enim ducimus voluptatum et aperiam autem. Porro nulla magni voluptatum quia doloribus rem et modi. Error aut et placeat necessitatibus illum aut qui. Cumque itaque sed id sapiente quod repudiandae.', 0, '2019-11-01 01:21:40', '2019-11-01 01:21:40'),
(2, 91, 'Mrs. Daija Schmidt', 'Nemo et dolorum molestias ut quia. Quaerat id magnam adipisci aut. Repudiandae quam vero quisquam reprehenderit vitae provident.', 2, '2019-11-01 01:21:40', '2019-11-01 01:21:40'),
(3, 81, 'Prof. Rosella Collier', 'Magni vel tenetur a ex. Perspiciatis corrupti aut omnis quaerat dolores reprehenderit. Blanditiis eos adipisci quo vel soluta delectus repudiandae.', 1, '2019-11-01 01:21:40', '2019-11-01 01:21:40'),
(4, 95, 'Ms. Tess Muller IV', 'Sit dolor suscipit est voluptatem est. Est ut atque iure ipsam sit maxime itaque. Nesciunt vel delectus sit.', 3, '2019-11-01 01:21:40', '2019-11-01 01:21:40'),
(5, 45, 'Karolann Mosciski', 'Doloribus exercitationem et facilis dolores vel enim. Deleniti dolorem ad et est odit corrupti pariatur. Earum facilis omnis voluptatum exercitationem quo eveniet quae autem. Nemo aut hic et aut eum asperiores iste.', 0, '2019-11-01 01:21:40', '2019-11-01 01:21:40'),
(6, 96, 'Kaylin Luettgen', 'Explicabo libero voluptate omnis aut. Nam blanditiis impedit quis praesentium. Dolores ab et alias soluta culpa quidem eaque neque. Cupiditate asperiores est dolorum quo sed voluptas aut.', 2, '2019-11-01 01:21:40', '2019-11-01 01:21:40'),
(7, 57, 'Prof. Dandre Orn Jr.', 'Nulla impedit aut odit ipsam aut. Maxime et dolores quaerat. Amet maiores excepturi ea quas sunt expedita.', 2, '2019-11-01 01:21:40', '2019-11-01 01:21:40'),
(8, 39, 'Mrs. Mazie Maggio IV', 'Numquam praesentium sunt consequatur dolor sint voluptatem architecto quis. Eum incidunt veritatis occaecati ipsa perspiciatis. Omnis aut totam qui ut dolores.', 2, '2019-11-01 01:21:40', '2019-11-01 01:21:40'),
(9, 67, 'Ted Champlin', 'Velit sunt nobis enim molestias iste aliquid. Sed qui libero autem voluptatem repellendus ut non aut. Accusamus assumenda eos voluptas ipsa.', 0, '2019-11-01 01:21:40', '2019-11-01 01:21:40'),
(10, 94, 'Ola Rosenbaum', 'Architecto fugiat consectetur aut est qui voluptatum eum. Fugit nemo atque dignissimos soluta. Enim eos deserunt in et doloribus harum.', 0, '2019-11-01 01:21:40', '2019-11-01 01:21:40'),
(11, 7, 'Dr. Leopoldo Funk DDS', 'Rerum eos ipsum porro deserunt tenetur ea rerum est. Quia et eveniet alias illo occaecati consectetur. Tempore inventore voluptate aut ex illo magni. Culpa mollitia blanditiis dicta.', 1, '2019-11-01 01:21:40', '2019-11-01 01:21:40'),
(12, 12, 'Mr. Celestino Prosacco Jr.', 'Voluptatem omnis veritatis quidem molestias quo. Omnis illum omnis molestiae occaecati ut reiciendis maxime molestias. Sit repellendus necessitatibus error. Commodi nulla laboriosam sed error.', 2, '2019-11-01 01:21:40', '2019-11-01 01:21:40'),
(13, 33, 'Arthur Braun', 'Voluptatibus ut itaque consectetur ea. Commodi voluptatem laborum ut assumenda. Harum ut officiis asperiores ea non velit voluptatibus. Nihil aliquam consequuntur facere laborum autem molestias.', 4, '2019-11-01 01:21:40', '2019-11-01 01:21:40'),
(14, 4, 'Watson Nolan', 'Odio aut ullam atque quas qui id mollitia. Soluta pariatur magnam nisi voluptate et ut non. Dolorem deserunt voluptatibus aut nobis porro sequi. Rerum dolore id libero qui vitae in.', 4, '2019-11-01 01:21:40', '2019-11-01 01:21:40'),
(15, 90, 'Chris Monahan III', 'Veniam libero quo quo voluptatem incidunt et explicabo. Nihil aliquam nesciunt ducimus saepe saepe. Enim blanditiis nemo neque iure dignissimos illum dolorem. Deserunt dolores voluptatem doloribus modi quisquam.', 2, '2019-11-01 01:21:40', '2019-11-01 01:21:40'),
(16, 70, 'Dr. Verlie Wisozk Jr.', 'Adipisci iste rerum non officia quia. Excepturi enim iure esse possimus. Nesciunt inventore consequatur minus eum aut earum.', 4, '2019-11-01 01:21:40', '2019-11-01 01:21:40'),
(17, 54, 'Dr. Rickie Okuneva I', 'Repudiandae possimus non repellat sunt recusandae ad ratione. Eveniet sed et eligendi impedit consequatur delectus aliquid. Porro soluta omnis amet ducimus voluptate at.', 4, '2019-11-01 01:21:40', '2019-11-01 01:21:40'),
(18, 74, 'Elyssa Berge DDS', 'Voluptatem repellat sunt voluptatibus earum impedit id cumque. Molestiae possimus consequuntur animi voluptatibus sed. Nulla laboriosam ratione dolor sed qui et temporibus.', 5, '2019-11-01 01:21:40', '2019-11-01 01:21:40'),
(19, 57, 'Lenora Jakubowski', 'Voluptatem ducimus maiores maxime id. Deleniti et est natus. Laboriosam deserunt voluptas quod. Voluptatum qui autem consequatur totam.', 3, '2019-11-01 01:21:40', '2019-11-01 01:21:40'),
(20, 3, 'Priscilla Stark II', 'Atque minus eveniet deserunt sequi at a rem. Quam sint sit quas quo aperiam. Mollitia est voluptatibus quis tenetur ut. Molestiae ipsa voluptate numquam distinctio non sapiente.', 0, '2019-11-01 01:21:40', '2019-11-01 01:21:40'),
(21, 39, 'Tyrell Buckridge', 'Nulla reiciendis sed praesentium et id vel eos. Aliquid asperiores nesciunt corrupti vel officiis consequatur. Sed eos accusantium voluptatem aut ut est. Iure et et illo autem vel occaecati sunt.', 0, '2019-11-01 01:21:40', '2019-11-01 01:21:40'),
(22, 23, 'Camilla Homenick', 'Eum qui cupiditate ipsam consequatur quas autem est. Iste maiores molestiae expedita nulla et aspernatur. Facilis repellat doloribus perspiciatis accusamus velit in laudantium suscipit. Itaque optio delectus et.', 3, '2019-11-01 01:21:40', '2019-11-01 01:21:40'),
(23, 72, 'Mr. Wilfrid Kreiger', 'Eligendi voluptatem maxime non illum cumque molestiae voluptate. Voluptatibus natus voluptatem cupiditate quia voluptate iste.', 1, '2019-11-01 01:21:40', '2019-11-01 01:21:40'),
(24, 51, 'Zella Armstrong', 'Consequatur quae nemo aut ipsa voluptatem sit numquam. Omnis sint optio nulla cum doloremque minima. Est velit totam voluptate voluptatem ipsam.', 0, '2019-11-01 01:21:40', '2019-11-01 01:21:40'),
(25, 23, 'Dr. Ian Rippin', 'Illo eveniet nulla voluptatem. In ipsam quisquam reprehenderit possimus quisquam.', 3, '2019-11-01 01:21:40', '2019-11-01 01:21:40'),
(26, 95, 'Chloe Bailey Jr.', 'Consequuntur magni voluptas eos quod magnam sit dolorum corporis. Libero rerum iure necessitatibus sunt ipsam qui quo. Accusantium et vitae reiciendis sunt adipisci et. Repellendus quia accusamus vitae earum adipisci ipsam. Ad iure debitis eaque ratione expedita.', 4, '2019-11-01 01:21:40', '2019-11-01 01:21:40'),
(27, 92, 'Merle Rice', 'Delectus magni explicabo aut voluptatem. Consequuntur aut rem aut voluptate voluptates eum voluptatem. Placeat aut non dicta.', 4, '2019-11-01 01:21:40', '2019-11-01 01:21:40'),
(28, 78, 'Eldora Kassulke', 'Ex ut et qui repellat. Necessitatibus dicta qui perspiciatis aliquam. Dicta neque est enim ex ut repudiandae aut. Repudiandae nihil rem praesentium ut eos nihil tempora nam.', 2, '2019-11-01 01:21:40', '2019-11-01 01:21:40'),
(29, 19, 'Leilani Gorczany', 'Soluta rerum a minima labore vel soluta. Error odit quas distinctio laudantium quas sit. Tempora sit quasi ipsum eum molestias. Blanditiis fugiat alias quam earum voluptate reprehenderit. Nihil et exercitationem voluptas quae dolorem beatae quisquam.', 5, '2019-11-01 01:21:40', '2019-11-01 01:21:40'),
(30, 100, 'Granville Waelchi', 'Libero totam molestias dolores quidem rerum voluptas. Harum quo sint sapiente est pariatur voluptatem omnis ipsam. Sint sit quaerat mollitia et temporibus laborum eaque. Optio error voluptas incidunt sequi unde.', 0, '2019-11-01 01:21:40', '2019-11-01 01:21:40'),
(31, 39, 'Anibal Boehm', 'Quis sit in iusto enim delectus rerum. Soluta earum et dolorem. Minima voluptates pariatur non consequuntur perferendis nostrum temporibus.', 2, '2019-11-01 01:21:40', '2019-11-01 01:21:40'),
(32, 23, 'Jordan Cruickshank Sr.', 'Repellat quia numquam qui enim porro quia molestiae. Iure reiciendis exercitationem minima illo minima minima. Numquam fuga et eligendi fuga aperiam. Cumque qui sed dignissimos dolorem.', 0, '2019-11-01 01:21:40', '2019-11-01 01:21:40'),
(33, 57, 'Jalon Koss', 'Sunt aperiam nostrum ex molestiae nobis. Maxime officiis ut omnis exercitationem voluptas aut.', 2, '2019-11-01 01:21:40', '2019-11-01 01:21:40'),
(34, 60, 'Prof. Krystina Hamill', 'Architecto eum enim ratione pariatur. Assumenda porro expedita est non labore nostrum corrupti. In non inventore sequi iure.', 4, '2019-11-01 01:21:40', '2019-11-01 01:21:40'),
(35, 44, 'Keira Stoltenberg', 'Quo aliquid voluptatem sit aliquid. Quam aliquid aperiam nam tempore illum dolores. Laudantium consequatur numquam voluptate.', 1, '2019-11-01 01:21:40', '2019-11-01 01:21:40'),
(36, 89, 'Rashad Bins Sr.', 'Temporibus vel voluptatibus praesentium earum omnis omnis. Sint esse quod aspernatur veritatis. Accusantium atque voluptates labore alias. Vero consequatur corrupti recusandae architecto.', 0, '2019-11-01 01:21:40', '2019-11-01 01:21:40'),
(37, 96, 'Onie Marvin II', 'Est repellat aut ratione. Est perspiciatis placeat a amet. Molestiae ullam omnis harum enim rerum qui vel.', 5, '2019-11-01 01:21:40', '2019-11-01 01:21:40'),
(38, 85, 'Marcus Gibson', 'Omnis sit porro earum omnis totam molestiae itaque. Maiores enim eum deleniti dolorem rem. Error eius assumenda excepturi repellat maxime.', 4, '2019-11-01 01:21:40', '2019-11-01 01:21:40'),
(39, 98, 'Enrique McCullough', 'Dolor cupiditate voluptas sed qui quibusdam. Qui molestiae soluta enim nam. A quia molestiae dolorem magni sint quae. Consequatur aperiam earum et veritatis aut fugit molestiae voluptatem.', 5, '2019-11-01 01:21:40', '2019-11-01 01:21:40'),
(40, 3, 'Travis Satterfield', 'Ab quam aut culpa iste dolores. Adipisci veniam nam quod cum. Magni eum magnam hic perspiciatis facilis sapiente recusandae. Est laudantium provident nihil sunt aut.', 3, '2019-11-01 01:21:40', '2019-11-01 01:21:40'),
(41, 24, 'Mrs. Alexa Brekke', 'Culpa odit facilis omnis quas quia et occaecati. Possimus odio voluptas ullam soluta voluptate expedita qui. Nemo iure suscipit odio.', 1, '2019-11-01 01:21:40', '2019-11-01 01:21:40'),
(42, 95, 'Edward Kulas Jr.', 'Sit ab nemo asperiores facere error sapiente. Quidem provident omnis aspernatur. Suscipit commodi alias ut ex ut ut doloremque.', 2, '2019-11-01 01:21:40', '2019-11-01 01:21:40'),
(43, 74, 'Miss Eliza Reichel DDS', 'Maiores commodi doloribus dolorem adipisci aut est. Vel quis nihil quod quo molestiae facere unde ab. Ipsam sequi vero pariatur consequuntur sequi.', 3, '2019-11-01 01:21:40', '2019-11-01 01:21:40'),
(44, 42, 'Lavinia Howell', 'Corporis velit qui aspernatur ex dicta. Saepe illo voluptas quo ipsa praesentium at quos. Totam et dolores voluptatem in officia. Laboriosam quas occaecati accusamus autem alias voluptatem est quae.', 3, '2019-11-01 01:21:40', '2019-11-01 01:21:40'),
(45, 3, 'Prof. Isidro Streich', 'Modi possimus expedita autem omnis facere. Nulla tempora consequatur laboriosam labore dolorem. Accusamus deserunt facere aliquid et minima. Ad ea in nam aspernatur provident vel ad suscipit.', 2, '2019-11-01 01:21:40', '2019-11-01 01:21:40'),
(46, 41, 'Eldred Considine', 'Commodi sunt hic consectetur dolorem sit est sit et. Quae consequatur nostrum omnis commodi nisi. Est omnis eum rerum qui. Voluptatem veritatis id magni fuga blanditiis sint odit.', 0, '2019-11-01 01:21:40', '2019-11-01 01:21:40'),
(47, 58, 'Valentina Abshire', 'Porro non qui nesciunt aut nihil qui. Sunt temporibus velit ab et impedit. Rerum voluptatem unde incidunt est reprehenderit. Dicta voluptas rerum recusandae consequuntur perspiciatis.', 2, '2019-11-01 01:21:40', '2019-11-01 01:21:40'),
(48, 16, 'Arlie O\'Connell', 'Labore blanditiis rerum quia rerum. Voluptatem atque et exercitationem non accusantium esse sit expedita. Non non animi sint aut magnam et iure. Rem aut distinctio rem officiis unde.', 3, '2019-11-01 01:21:40', '2019-11-01 01:21:40'),
(49, 20, 'Maudie Wuckert', 'Ad ea ut enim ratione ab omnis excepturi magni. A corrupti doloribus quas cumque officiis et et voluptates. Magnam nemo voluptas minus quas.', 2, '2019-11-01 01:21:40', '2019-11-01 01:21:40'),
(50, 51, 'Grayce Leuschke', 'Nesciunt inventore est sunt. Quasi quaerat incidunt eum occaecati est laudantium amet. Veniam reprehenderit iure iure itaque vel voluptatum perspiciatis. Corrupti magni ea consequatur odio doloribus placeat.', 5, '2019-11-01 01:21:40', '2019-11-01 01:21:40'),
(51, 89, 'Alta Leffler', 'Est velit beatae ut et et. Voluptas qui animi ea neque.', 3, '2019-11-01 01:21:40', '2019-11-01 01:21:40'),
(52, 50, 'Elouise White', 'Natus odio tempore veniam reiciendis blanditiis. Ut ut ipsum autem perferendis ut. Beatae inventore totam hic doloribus soluta.', 0, '2019-11-01 01:21:40', '2019-11-01 01:21:40'),
(53, 22, 'Alyce Weber', 'Illo tenetur ea ad et doloribus. Soluta maxime sed id eveniet. Veritatis accusamus ex maiores id aliquam ad ut impedit. Esse quae omnis molestiae consectetur aut sunt.', 1, '2019-11-01 01:21:40', '2019-11-01 01:21:40'),
(54, 35, 'Muriel Mitchell', 'Quis doloremque tempora ipsa et. Deserunt nam deleniti officiis similique voluptas sunt similique. Molestiae laborum eos pariatur non praesentium soluta. Aut aut maxime fugiat explicabo et vitae magnam.', 4, '2019-11-01 01:21:40', '2019-11-01 01:21:40'),
(55, 76, 'Lura Goyette', 'Numquam sed voluptas qui maiores. Eos perferendis beatae est. Et consequuntur repudiandae facere dolor molestiae eum nam at. Sint et sed enim delectus consectetur modi inventore et.', 5, '2019-11-01 01:21:40', '2019-11-01 01:21:40'),
(56, 29, 'Erling Bogisich I', 'Animi distinctio quos alias doloribus ullam maxime. Dolor provident voluptas mollitia ipsa porro temporibus. Fuga tempora vel ducimus consectetur tenetur praesentium beatae.', 4, '2019-11-01 01:21:40', '2019-11-01 01:21:40'),
(57, 25, 'Daphne Erdman', 'Accusamus velit recusandae consequatur neque rerum provident. Beatae ea id dignissimos nobis nobis et. Est est ipsam eius laborum occaecati qui unde asperiores. Qui atque dicta voluptatem officiis voluptatem recusandae rerum minima.', 1, '2019-11-01 01:21:40', '2019-11-01 01:21:40'),
(58, 14, 'Miss Kailyn Mante', 'Maiores mollitia minima rem qui harum pariatur. Ducimus ut et quis optio dolore. Hic sed voluptate quia saepe inventore officiis.', 0, '2019-11-01 01:21:40', '2019-11-01 01:21:40'),
(59, 54, 'Julia D\'Amore V', 'Illum voluptas doloribus rerum suscipit qui et accusantium. Maiores qui velit sit voluptatibus quo consectetur. Rerum dolores tenetur consequatur modi eveniet.', 3, '2019-11-01 01:21:40', '2019-11-01 01:21:40'),
(60, 48, 'Miss Esmeralda Williamson V', 'Sint laboriosam id error architecto earum. Illo ratione impedit qui iusto et inventore voluptas soluta. Est culpa rem debitis dolorem aut debitis.', 1, '2019-11-01 01:21:40', '2019-11-01 01:21:40'),
(61, 68, 'Isaac Blanda', 'Sunt aut animi aspernatur eum. Expedita esse fugit veritatis eligendi. Natus officiis reprehenderit libero est molestiae unde impedit. Minus distinctio aut cumque quas officiis suscipit.', 4, '2019-11-01 01:21:40', '2019-11-01 01:21:40'),
(62, 62, 'Mr. Marvin Erdman MD', 'Quasi magni molestiae et voluptatibus. Voluptatibus ratione sapiente qui dolores. Nesciunt quia ad animi consequuntur ut nam. Ad et illum consequatur.', 0, '2019-11-01 01:21:40', '2019-11-01 01:21:40'),
(63, 53, 'Providenci Johns', 'Expedita impedit officia autem reiciendis. Voluptatum quia exercitationem dignissimos consequuntur quos qui reprehenderit. Voluptatem dolor in magni rerum quam similique optio.', 3, '2019-11-01 01:21:40', '2019-11-01 01:21:40'),
(64, 9, 'Prof. Dillan Kihn II', 'Maiores omnis sit ipsam quo nemo suscipit ducimus. Repellendus id libero ut esse. Assumenda recusandae omnis a non aut culpa.', 0, '2019-11-01 01:21:40', '2019-11-01 01:21:40'),
(65, 40, 'Sammy Moore', 'Quaerat non et quae assumenda. Qui porro praesentium aut qui earum molestias veritatis. Ut sed quisquam in ratione. Cupiditate sed ipsa natus rerum voluptatem.', 5, '2019-11-01 01:21:40', '2019-11-01 01:21:40'),
(66, 42, 'Elisabeth Mertz PhD', 'A voluptates dolor reiciendis. In officia debitis explicabo velit possimus accusantium rerum. Animi impedit voluptas libero laborum ratione. Aperiam et repellendus quaerat architecto nemo neque.', 0, '2019-11-01 01:21:40', '2019-11-01 01:21:40'),
(67, 94, 'Corbin Blanda', 'Sit rerum eveniet nisi esse. Praesentium quos voluptatibus assumenda repudiandae repudiandae. Itaque et voluptatem sit iste blanditiis. Et sunt similique voluptatem dolorem debitis.', 3, '2019-11-01 01:21:40', '2019-11-01 01:21:40'),
(68, 26, 'Viola Daniel', 'Vel optio sequi voluptatem quod aliquam. Minima non quis consequuntur eum voluptatem enim. Beatae nemo a qui quia rerum et omnis.', 1, '2019-11-01 01:21:40', '2019-11-01 01:21:40'),
(69, 87, 'Marguerite Hintz', 'Eum voluptas dolorum voluptatibus quod sunt. Voluptatibus dicta quibusdam quia nostrum cumque. Quam ut ex provident quod.', 1, '2019-11-01 01:21:40', '2019-11-01 01:21:40'),
(70, 96, 'Thelma Spinka', 'Magni qui nulla ea debitis nobis. Ipsa quam cupiditate voluptatum facere. Perferendis et maxime ducimus ex nisi nobis numquam. Quis voluptatibus atque ea ipsam sed.', 2, '2019-11-01 01:21:40', '2019-11-01 01:21:40'),
(71, 54, 'Rhett Gusikowski', 'Eum veritatis architecto in consequuntur odit. Aut facere praesentium adipisci reprehenderit non doloribus ipsam. Accusantium quam iusto ipsum.', 3, '2019-11-01 01:21:40', '2019-11-01 01:21:40'),
(72, 64, 'Abbie Bartoletti I', 'Laborum asperiores quam deleniti in dignissimos. Omnis ratione dolores voluptate ab. Exercitationem vel asperiores accusantium ipsam cum exercitationem quibusdam repellat. Ducimus dolore et sit. Unde minima non eos sed eius minima quam.', 5, '2019-11-01 01:21:40', '2019-11-01 01:21:40'),
(73, 79, 'Georgiana Kozey', 'Culpa neque est aspernatur porro dolorem suscipit. Corporis ut illum enim. Autem dolorem dolor ea molestiae. Rem eum numquam perspiciatis sit dicta sit.', 3, '2019-11-01 01:21:40', '2019-11-01 01:21:40'),
(74, 41, 'Pasquale King', 'Sit cum corrupti cum itaque blanditiis dolorum. Dolor rem ut ex qui. Dolorem labore voluptate omnis quaerat exercitationem accusamus. Fuga voluptas qui reiciendis eos.', 5, '2019-11-01 01:21:40', '2019-11-01 01:21:40'),
(75, 14, 'Mr. Samir Ratke PhD', 'A eos et perferendis nulla et. Sint esse praesentium placeat hic aliquam labore libero. Ipsa in nihil asperiores quos. Minima reiciendis et voluptatibus. Nihil pariatur eum eos et qui enim.', 4, '2019-11-01 01:21:40', '2019-11-01 01:21:40'),
(76, 21, 'Prof. Angel Rice', 'Quaerat sed assumenda vel. Velit eius molestiae ducimus eveniet pariatur at et. Perspiciatis dolorem quidem dignissimos minima. Praesentium ullam harum ullam magni nemo unde et sunt. Quo quia molestiae ea culpa.', 5, '2019-11-01 01:21:40', '2019-11-01 01:21:40'),
(77, 70, 'Gennaro Larkin', 'Magni molestiae doloribus dolorem incidunt. Et quis qui et voluptatem. Nihil nostrum illo officiis neque sed suscipit vitae. Occaecati ratione et nulla vitae. Tempora ratione maxime quasi voluptate animi nihil deserunt.', 0, '2019-11-01 01:21:40', '2019-11-01 01:21:40'),
(78, 45, 'Libbie Huels', 'Dolor mollitia eveniet voluptatem et. Voluptatem mollitia voluptas ducimus. Blanditiis rerum ad officia aut.', 2, '2019-11-01 01:21:40', '2019-11-01 01:21:40'),
(79, 50, 'Mr. Toni Ziemann Sr.', 'Commodi officiis fuga libero fugit non fuga cumque voluptas. Corporis at ab accusamus aut occaecati. Error aliquid odit praesentium.', 0, '2019-11-01 01:21:40', '2019-11-01 01:21:40'),
(80, 53, 'Ms. Germaine Gislason PhD', 'Deserunt autem id praesentium. Numquam recusandae eaque facilis ut ut esse.', 2, '2019-11-01 01:21:40', '2019-11-01 01:21:40'),
(81, 65, 'Bruce Labadie', 'Non distinctio blanditiis aut quasi. Nihil cum nisi debitis sunt sed commodi. Et delectus modi assumenda quo dolor voluptatem beatae suscipit.', 2, '2019-11-01 01:21:40', '2019-11-01 01:21:40'),
(82, 47, 'Werner Schneider', 'Ut esse qui dolorem molestiae praesentium. Voluptas ut at quia autem mollitia magnam praesentium. Saepe architecto impedit non eligendi dolorum.', 3, '2019-11-01 01:21:40', '2019-11-01 01:21:40'),
(83, 37, 'Carmine Oberbrunner', 'Non ut quo quae repellat mollitia odio aliquid. Accusantium recusandae odit sit ut ad neque. Voluptatibus ducimus ut occaecati error tempore est voluptatem. Dolor quibusdam nihil aut minima quia vero maxime.', 4, '2019-11-01 01:21:40', '2019-11-01 01:21:40'),
(84, 79, 'Mariela Leuschke', 'Maxime iste molestiae suscipit. Quia at illo quod eos aut itaque. Sit dicta et eveniet enim at porro ab.', 5, '2019-11-01 01:21:40', '2019-11-01 01:21:40'),
(85, 28, 'Kacey Schamberger', 'At quas qui consequatur. Sit et nesciunt consequatur dolorem. Facilis modi omnis sit est laboriosam. Esse ea et et rerum.', 5, '2019-11-01 01:21:40', '2019-11-01 01:21:40'),
(86, 31, 'Prof. Blaise Hill', 'Enim et atque nihil officia. Aperiam consequatur qui quia.', 5, '2019-11-01 01:21:40', '2019-11-01 01:21:40'),
(87, 5, 'Derick Reynolds', 'Corporis voluptas minus est quos unde. Dolore quia consequatur provident nemo aut exercitationem et et. Eos id et culpa temporibus minima ut repellendus. Occaecati repellendus recusandae est quibusdam.', 0, '2019-11-01 01:21:40', '2019-11-01 01:21:40'),
(88, 99, 'Danial Trantow', 'Aperiam deleniti suscipit aut ea ducimus reprehenderit doloremque. Architecto sed incidunt et aut esse quod rem. Officiis nisi ratione eius accusantium.', 5, '2019-11-01 01:21:40', '2019-11-01 01:21:40'),
(89, 90, 'Paris Fay', 'Minus nulla in aliquid eum qui. Totam et est atque ullam est dolor ducimus. Ut ad labore sint eos cumque. Quis qui ullam unde eos.', 1, '2019-11-01 01:21:40', '2019-11-01 01:21:40'),
(90, 84, 'Mr. Blair Abernathy PhD', 'Id repudiandae quia voluptates nostrum nihil commodi. Et nihil ut sed in nobis aut. Blanditiis porro nostrum ea ad sunt in.', 4, '2019-11-01 01:21:40', '2019-11-01 01:21:40'),
(91, 92, 'Mr. Jeromy Quitzon DDS', 'Quam velit et cum ducimus facilis neque. Et vero possimus autem ipsum. Quidem ut quaerat quia.', 5, '2019-11-01 01:21:40', '2019-11-01 01:21:40'),
(92, 12, 'Verona Boyle V', 'Libero totam rerum non cupiditate sequi provident sed. Sed veritatis dignissimos unde architecto quas. Rerum optio necessitatibus cupiditate et velit hic sunt.', 4, '2019-11-01 01:21:40', '2019-11-01 01:21:40'),
(93, 37, 'Dr. Lisandro Rodriguez', 'Quo tempore voluptatibus saepe blanditiis eveniet quaerat sit. Voluptatibus temporibus voluptas culpa. Laboriosam voluptate ut quo quia qui molestiae.', 0, '2019-11-01 01:21:40', '2019-11-01 01:21:40'),
(94, 11, 'Prof. Dante Thompson', 'Natus sit aut qui. Omnis beatae accusantium ratione incidunt.', 5, '2019-11-01 01:21:40', '2019-11-01 01:21:40'),
(95, 31, 'Nelda Reichert', 'Enim eum impedit omnis iusto quia a. Ducimus sunt velit voluptate omnis id quod dolor. Beatae odio quia culpa iure fugiat.', 3, '2019-11-01 01:21:40', '2019-11-01 01:21:40'),
(96, 12, 'Katharina Stroman', 'Non ut et numquam. Asperiores deleniti ab architecto quibusdam ea nisi sit quia.', 3, '2019-11-01 01:21:40', '2019-11-01 01:21:40'),
(97, 21, 'Brandy Schinner', 'Quis et iste aut voluptates dolorem nobis. Laborum id ipsa quia harum doloremque nobis atque. Soluta est porro in et nulla placeat rem.', 2, '2019-11-01 01:21:40', '2019-11-01 01:21:40'),
(98, 66, 'Clyde Metz', 'Quas voluptate at architecto quis soluta laboriosam unde explicabo. Qui accusantium ut voluptatem illo ab error. Voluptatem rerum asperiores natus.', 0, '2019-11-01 01:21:40', '2019-11-01 01:21:40'),
(99, 91, 'Barton Robel Jr.', 'Dolor consequatur ipsam sapiente nulla ipsam. Ipsa qui qui ratione voluptatem deleniti maxime doloremque. Consequuntur neque dolorem dolores fuga.', 0, '2019-11-01 01:21:40', '2019-11-01 01:21:40'),
(100, 93, 'Federico Predovic', 'Ut praesentium facere consequuntur delectus. Excepturi possimus maxime veniam voluptas fugit a quos. Asperiores ut quam aliquam aut aut quas dolor placeat. Cupiditate quibusdam omnis ex quibusdam debitis consequatur distinctio.', 4, '2019-11-01 01:21:40', '2019-11-01 01:21:40'),
(101, 83, 'Prof. Cooper Boyer Jr.', 'Natus tenetur temporibus ipsum omnis et dolorem dolore aut. Qui veritatis quisquam fugit quia voluptates. Quis suscipit unde dolores quo.', 2, '2019-11-01 01:21:40', '2019-11-01 01:21:40'),
(102, 28, 'Ms. Lois Considine', 'Ipsum dolores magnam dolorum nostrum at aspernatur. Animi vel velit sunt aut. In et occaecati officia eveniet veritatis provident non. Esse deserunt sunt sed molestiae aperiam nostrum doloribus. Ipsum labore incidunt et assumenda odit mollitia inventore ullam.', 1, '2019-11-01 01:21:40', '2019-11-01 01:21:40'),
(103, 14, 'Demario Kuhic', 'Vero odio quod molestiae et eum est est. Iusto ducimus culpa ipsam eos sunt nemo explicabo. Possimus et dolor esse sint.', 0, '2019-11-01 01:21:40', '2019-11-01 01:21:40'),
(104, 92, 'Lue Gulgowski', 'Alias vitae animi quod. Eaque et cumque quas omnis. Consequuntur corporis facere consequuntur quia similique.', 0, '2019-11-01 01:21:40', '2019-11-01 01:21:40'),
(105, 24, 'Erik Dach Jr.', 'Accusantium ratione consequatur cumque dicta quasi consequuntur. Non cupiditate velit est hic. Non saepe est laborum et voluptatem in ut necessitatibus. Consequatur sequi sed perspiciatis voluptas sunt non totam et. Voluptatem et cum modi nihil quibusdam odio iste.', 5, '2019-11-01 01:21:40', '2019-11-01 01:21:40'),
(106, 71, 'Mr. Lafayette Abernathy', 'Voluptatem optio mollitia voluptatem libero. Animi dolorum autem cumque animi in rerum quia. Consequatur placeat vel voluptate consequatur tempora quia. Illum sint rerum pariatur quasi.', 5, '2019-11-01 01:21:40', '2019-11-01 01:21:40'),
(107, 9, 'Neil Mann', 'Sunt quis quae reprehenderit mollitia nam hic. Repellendus aspernatur laudantium consequatur reprehenderit. Autem et quisquam aliquam eaque blanditiis eius. Repellat voluptatem illo quasi libero quo.', 3, '2019-11-01 01:21:40', '2019-11-01 01:21:40'),
(108, 65, 'Bart Gutmann', 'Sed nihil ea voluptatem ipsa. Magni natus sapiente architecto et atque. Occaecati perspiciatis ipsa quisquam quibusdam. Ducimus vel itaque dolorem possimus sit sed.', 3, '2019-11-01 01:21:40', '2019-11-01 01:21:40'),
(109, 7, 'Miss Shanna Langosh V', 'Cupiditate quos sunt vero ut consequatur laudantium dignissimos aut. Quasi ipsum sit voluptatibus fuga dolore modi. Exercitationem deserunt laboriosam aut laboriosam perspiciatis. Omnis dolores corrupti sit illum ut.', 0, '2019-11-01 01:21:40', '2019-11-01 01:21:40'),
(110, 84, 'Odessa Will', 'Vel id quo aperiam nisi ipsum. Rerum beatae non sit est porro voluptas. Et sit quasi quis ut fuga ut dolorem. Esse officiis ea incidunt.', 5, '2019-11-01 01:21:40', '2019-11-01 01:21:40'),
(111, 48, 'Miss Magali Howell I', 'Illo optio maxime vel aut. Rerum suscipit quidem dolorem rem quae. Iste quasi quaerat a. Quasi adipisci totam quia omnis possimus nisi dolorem. Soluta qui consequuntur amet iusto tempora.', 0, '2019-11-01 01:21:40', '2019-11-01 01:21:40'),
(112, 11, 'Stefan Welch II', 'Velit omnis modi aliquam. Ipsam quia placeat perspiciatis nihil natus a. Quibusdam sunt et reprehenderit ducimus dolorum repellendus omnis.', 0, '2019-11-01 01:21:40', '2019-11-01 01:21:40'),
(113, 52, 'Greyson Hodkiewicz V', 'A minus id beatae quia ad fugiat. Sint et repellat modi unde omnis. Dolores quae quia quae eveniet repellendus quas.', 1, '2019-11-01 01:21:40', '2019-11-01 01:21:40'),
(114, 48, 'Claire Roberts DVM', 'Recusandae sunt non dicta facilis. Quis facere qui quaerat nulla est magnam nihil. Possimus consequatur sed ut. Doloribus et minima odit recusandae fugit vel nam.', 0, '2019-11-01 01:21:40', '2019-11-01 01:21:40'),
(115, 89, 'Abagail Tremblay', 'Et enim quibusdam quae cupiditate. Et veniam quam unde blanditiis error. Nam officiis voluptas sequi rerum debitis quod debitis.', 1, '2019-11-01 01:21:40', '2019-11-01 01:21:40'),
(116, 64, 'Titus Mueller', 'Error nihil dolor soluta sint omnis sint. Deleniti qui et tenetur iure eaque et nisi.', 4, '2019-11-01 01:21:40', '2019-11-01 01:21:40'),
(117, 42, 'Terence Renner', 'Et adipisci et inventore quisquam non suscipit nemo. Praesentium perspiciatis ut tempore atque tempore. Est nesciunt accusamus quaerat at quia aspernatur quasi. Quia consequatur beatae eos adipisci ducimus aut non.', 5, '2019-11-01 01:21:40', '2019-11-01 01:21:40'),
(118, 45, 'Lue Turcotte', 'Laudantium eum sapiente maiores necessitatibus commodi. Maiores dicta sunt consequatur. Rerum dolor quae nam nulla deserunt ullam.', 5, '2019-11-01 01:21:40', '2019-11-01 01:21:40'),
(119, 30, 'Nellie Ritchie DVM', 'Id et iste ex quia quasi aliquam. Laboriosam neque odit soluta sit dolorem. Corporis qui vero voluptas sunt quis quae voluptatem. Et itaque voluptas molestiae quia rerum.', 0, '2019-11-01 01:21:40', '2019-11-01 01:21:40'),
(120, 84, 'Dr. Zachary Dickens', 'Voluptas excepturi recusandae aut alias. Veritatis quia blanditiis neque ratione occaecati et accusamus. Aliquam et magni adipisci velit voluptatem.', 3, '2019-11-01 01:21:40', '2019-11-01 01:21:40'),
(121, 89, 'Dr. Jacynthe Kulas', 'Eligendi et iusto tempore quia. Omnis qui quidem nesciunt vel. Reiciendis sunt iusto totam quis qui.', 5, '2019-11-01 01:21:40', '2019-11-01 01:21:40'),
(122, 24, 'Joel Cruickshank', 'Quod velit sed ut. Et ullam rerum vel aperiam omnis. Vel neque fugiat dolorum sed totam qui. Tempore enim itaque provident et nesciunt.', 0, '2019-11-01 01:21:40', '2019-11-01 01:21:40'),
(123, 58, 'Isabel Collier', 'Enim quam ipsa pariatur sed. Ullam quam molestiae aut qui. Ut aut quia sequi ut qui. Pariatur et sit dolores deserunt natus facilis nostrum.', 2, '2019-11-01 01:21:40', '2019-11-01 01:21:40'),
(124, 24, 'Elsa Labadie V', 'Amet repudiandae voluptates optio recusandae suscipit. Possimus sapiente cumque non illo ut. Eaque et qui qui sunt nemo aut nam.', 5, '2019-11-01 01:21:40', '2019-11-01 01:21:40'),
(125, 35, 'Fabian Boyle IV', 'Corporis cupiditate est dicta tempora et eum consequatur. Numquam eos fugiat dolorem ducimus maxime. Qui quos est eos ullam officiis porro quo. Quo asperiores rerum commodi maxime consequuntur totam quia totam. Voluptate quod fuga deleniti quas blanditiis.', 2, '2019-11-01 01:21:40', '2019-11-01 01:21:40'),
(126, 54, 'Crystal Ryan', 'Consequatur deserunt quia enim quis nihil. Omnis exercitationem maiores velit cupiditate vel.', 0, '2019-11-01 01:21:40', '2019-11-01 01:21:40'),
(127, 11, 'Jayden Price', 'Aspernatur et molestiae suscipit laboriosam ratione et. Ullam accusamus ea eaque molestiae. Qui cumque et nulla aliquid.', 0, '2019-11-01 01:21:40', '2019-11-01 01:21:40'),
(128, 57, 'Prof. Merl Beahan PhD', 'Ab vero iusto eaque et cum modi. Officia impedit excepturi recusandae dolores enim debitis. Nobis pariatur soluta ipsum blanditiis velit qui id.', 5, '2019-11-01 01:21:40', '2019-11-01 01:21:40'),
(129, 48, 'Cameron Kilback', 'Autem aliquid voluptas aut vel aspernatur consequatur. Delectus a facere consequatur molestiae hic ipsam tempore molestiae. Et iste non explicabo.', 0, '2019-11-01 01:21:40', '2019-11-01 01:21:40'),
(130, 19, 'Petra Quigley', 'Nostrum totam deserunt animi consequatur distinctio non enim. Reiciendis aut laudantium hic blanditiis. Dolor architecto minus ea aut. Dolor velit omnis sint placeat et.', 2, '2019-11-01 01:21:40', '2019-11-01 01:21:40'),
(131, 58, 'Mertie Cormier', 'Aliquid dolor omnis qui aut rerum rerum laboriosam. Cupiditate ut qui rerum et eum dignissimos praesentium. Voluptatem eligendi voluptatum sed voluptate ducimus labore optio. Minus eaque expedita rerum ullam eum dolores alias.', 2, '2019-11-01 01:21:40', '2019-11-01 01:21:40'),
(132, 30, 'Max Kuhlman', 'Eaque commodi sint optio animi. Totam qui impedit voluptatibus quis omnis reiciendis est. Quis veritatis ipsam hic magni impedit laboriosam.', 4, '2019-11-01 01:21:40', '2019-11-01 01:21:40'),
(133, 81, 'Rylan Hills', 'Voluptas aut molestiae vero vero facere inventore. Quam tempore nulla ut eligendi qui. Quo delectus odit excepturi rerum saepe.', 0, '2019-11-01 01:21:40', '2019-11-01 01:21:40'),
(134, 7, 'Dr. Kameron Wyman IV', 'Consequatur labore tempore quaerat itaque qui placeat. Voluptate deserunt dicta eius nulla. Molestiae adipisci sint et illo quam. Vero quod vel non quidem atque ut illo.', 2, '2019-11-01 01:21:40', '2019-11-01 01:21:40'),
(135, 55, 'Stanford Leannon', 'Veniam nam quae quia ipsa quas. Qui et tempore ut et consectetur architecto molestiae. Voluptatem beatae repudiandae rerum doloribus inventore. Odit possimus sed ipsa laudantium id.', 0, '2019-11-01 01:21:40', '2019-11-01 01:21:40'),
(136, 45, 'Kavon McKenzie', 'Quia asperiores consequuntur non accusantium. Pariatur blanditiis ut dolor asperiores. Placeat dolores qui sunt nihil corporis rerum praesentium. Mollitia non iusto pariatur eveniet quae.', 0, '2019-11-01 01:21:40', '2019-11-01 01:21:40'),
(137, 13, 'Esperanza Aufderhar', 'Fugiat quidem possimus officia ut consequatur et. Rerum velit corporis voluptatem dolores sint.', 3, '2019-11-01 01:21:40', '2019-11-01 01:21:40'),
(138, 33, 'Eloise Cronin', 'Harum ratione veritatis sit autem quos sed. Dignissimos rerum eos officia doloribus maiores id. Fugit saepe et nulla ut quo voluptas. Est et quisquam dignissimos commodi mollitia molestiae.', 3, '2019-11-01 01:21:40', '2019-11-01 01:21:40'),
(139, 28, 'Lela Cole', 'Rerum illum ea asperiores nostrum doloremque. Est sit voluptatem ab culpa. Modi maxime eum dolor perferendis.', 0, '2019-11-01 01:21:40', '2019-11-01 01:21:40'),
(140, 46, 'Dr. Deonte Cronin DVM', 'Rem magni omnis aperiam perferendis ex aliquam. Quam fugiat qui sit sapiente nam quia et quidem. Eveniet omnis odit non qui in vel.', 2, '2019-11-01 01:21:40', '2019-11-01 01:21:40'),
(141, 75, 'Baylee Franecki IV', 'Repellat eum voluptatum quae omnis. Aliquid velit vero nostrum dicta impedit facilis consequatur fugiat. Aut omnis nobis repellendus sapiente. Dicta est natus rem ea necessitatibus quis quo.', 1, '2019-11-01 01:21:40', '2019-11-01 01:21:40'),
(142, 6, 'Jakob Corwin', 'Quo vel sit illum consequuntur magni expedita omnis. Molestias veritatis non culpa nisi ut velit quia. Et reiciendis eaque sequi.', 3, '2019-11-01 01:21:40', '2019-11-01 01:21:40'),
(143, 60, 'Dr. Lavina Nitzsche', 'Velit fugiat tempore odio libero laboriosam omnis quia. Sit exercitationem sed totam atque cupiditate laboriosam. Ut ea ad aut aut tempore aut dolorem libero.', 2, '2019-11-01 01:21:40', '2019-11-01 01:21:40'),
(144, 18, 'Ms. Mariah Will PhD', 'Est sunt facere dolorem voluptates ducimus. Sed voluptas quisquam magni id. Inventore maiores fugiat aut. Doloribus adipisci neque sed.', 3, '2019-11-01 01:21:40', '2019-11-01 01:21:40'),
(145, 93, 'Rosalind Graham', 'Quam quidem laborum aut voluptas. Ab culpa sit dolorem architecto sed soluta architecto. Omnis dolorum omnis vel placeat occaecati voluptas.', 2, '2019-11-01 01:21:40', '2019-11-01 01:21:40'),
(146, 97, 'Deanna Lesch', 'Asperiores tempore rerum error perferendis hic saepe. Officia vero recusandae voluptatem impedit eligendi. Iste ut est esse quas voluptatem sapiente.', 0, '2019-11-01 01:21:40', '2019-11-01 01:21:40'),
(147, 63, 'Deangelo Price MD', 'Nam officia dolorem a vero minus cum voluptatem cupiditate. Architecto et dolor repudiandae nostrum. Eius totam vel porro cumque qui. Et odio consequatur quaerat est. Odio sequi similique qui at aut error.', 0, '2019-11-01 01:21:40', '2019-11-01 01:21:40'),
(148, 51, 'Prof. Jaylan Corwin IV', 'Atque dolores explicabo est tempora ut. Et iure repudiandae et nihil et omnis voluptate. Porro aperiam fugit aut corporis quia iusto voluptate in. Totam doloribus molestiae accusantium. Aliquam aliquam velit sunt enim.', 4, '2019-11-01 01:21:40', '2019-11-01 01:21:40'),
(149, 88, 'Miss Zoey Brakus PhD', 'Autem quibusdam quod incidunt magnam perferendis ut. Id labore neque recusandae accusantium quisquam inventore. Consectetur et iusto nam. Praesentium non ea quasi occaecati quo soluta adipisci.', 3, '2019-11-01 01:21:40', '2019-11-01 01:21:40'),
(150, 71, 'Garland Gutkowski MD', 'Repellendus totam veritatis velit et perspiciatis quae aut. Voluptatem veniam alias aliquid impedit nemo omnis optio.', 4, '2019-11-01 01:21:40', '2019-11-01 01:21:40'),
(151, 86, 'Dexter Dare', 'Ex eius sit voluptatibus veritatis fugit et. Asperiores ut aspernatur magnam corporis velit id. Ea quas optio et fuga excepturi ut est laboriosam.', 2, '2019-11-01 01:21:40', '2019-11-01 01:21:40'),
(152, 12, 'Prof. Kennedi Moore', 'Officia repudiandae et temporibus reiciendis. Eum fugit ipsum et numquam. Tempore qui qui beatae ea ipsa illo.', 4, '2019-11-01 01:21:40', '2019-11-01 01:21:40'),
(153, 74, 'Ken Davis', 'Ducimus assumenda velit vel consectetur voluptas. Qui dolores at et commodi. Tenetur asperiores soluta ducimus aut quia. Dolores rerum dolores perferendis cupiditate ullam officia quis exercitationem.', 2, '2019-11-01 01:21:40', '2019-11-01 01:21:40'),
(154, 3, 'Dr. Wellington Barton I', 'Id quia excepturi incidunt perferendis. Beatae voluptates ducimus veritatis consequuntur. Quia nulla perspiciatis aut.', 4, '2019-11-01 01:21:40', '2019-11-01 01:21:40'),
(155, 8, 'Tyrel Stracke', 'Ipsa fugit ea sit velit sint et. Cumque dolores optio dolor ut placeat occaecati. Fugiat perferendis sequi esse. Facilis velit eos magni voluptas ut placeat aut beatae.', 1, '2019-11-01 01:21:40', '2019-11-01 01:21:40'),
(156, 84, 'Kaitlin Larson Jr.', 'Sit qui quia porro explicabo eligendi sed. Iusto eos ut blanditiis aut velit fuga officiis. Et iusto minima aliquam sint nisi harum occaecati.', 3, '2019-11-01 01:21:40', '2019-11-01 01:21:40'),
(157, 45, 'Javier Bradtke', 'Ex ad ea nihil tempora et sed vel. Dolorum fugiat delectus molestiae laborum reprehenderit excepturi illo. Voluptatem recusandae consectetur omnis dignissimos et quod.', 0, '2019-11-01 01:21:40', '2019-11-01 01:21:40'),
(158, 12, 'Bianka Kovacek', 'Officiis cumque quis aut quas animi. Temporibus accusantium non porro est debitis. Eos nihil vero placeat reprehenderit eum. Adipisci omnis ut architecto minus consectetur iure beatae accusamus.', 3, '2019-11-01 01:21:40', '2019-11-01 01:21:40'),
(159, 92, 'Alphonso Emmerich', 'Et iure molestiae iure a dolor omnis nesciunt. Laborum voluptates nihil eveniet veritatis. Maxime doloribus laboriosam voluptatem esse. Dolor accusantium cupiditate aut nobis rerum omnis et.', 1, '2019-11-01 01:21:40', '2019-11-01 01:21:40'),
(160, 97, 'Sedrick Lowe', 'Quibusdam fugiat vitae qui nemo ullam omnis laboriosam. Sed ut alias et quasi accusantium atque. Aperiam nemo magnam sed officia.', 1, '2019-11-01 01:21:40', '2019-11-01 01:21:40'),
(161, 43, 'Waylon Rutherford', 'Neque ut impedit porro eum est blanditiis. In neque vel ut exercitationem velit et dolorem. Mollitia sint eum excepturi quia accusamus perferendis placeat.', 1, '2019-11-01 01:21:40', '2019-11-01 01:21:40'),
(162, 14, 'Leopoldo Bradtke', 'Commodi explicabo voluptatum saepe perferendis cupiditate placeat rerum earum. Vel et possimus molestiae laudantium ut reiciendis beatae sequi. Fugit quidem soluta qui atque. Rerum veniam rem explicabo nulla maxime.', 4, '2019-11-01 01:21:40', '2019-11-01 01:21:40'),
(163, 38, 'Twila Hyatt', 'Sed porro quia qui culpa pariatur at. Exercitationem voluptatem et omnis qui. Est quia sint et tempora perspiciatis. Eum odio dolores nisi et voluptate. Harum sed voluptatem laborum impedit.', 5, '2019-11-01 01:21:40', '2019-11-01 01:21:40'),
(164, 61, 'Darwin Bashirian', 'Repellat veniam repudiandae ad ratione aliquam. Quae voluptatem voluptas ea possimus. Aut nesciunt doloribus perferendis blanditiis. Nesciunt molestias mollitia aliquam dignissimos quos quia.', 5, '2019-11-01 01:21:40', '2019-11-01 01:21:40'),
(165, 22, 'Virginia Huel', 'Harum harum numquam velit eveniet ipsam rerum natus. Quis nostrum placeat et at quasi unde aut. Harum hic in error sed.', 0, '2019-11-01 01:21:40', '2019-11-01 01:21:40'),
(166, 1, 'Flavie Bechtelar', 'Cum hic vel adipisci officia assumenda suscipit. Dolore excepturi quia necessitatibus. Est fuga blanditiis voluptas enim autem. Voluptates delectus dolorem assumenda beatae perferendis quidem dolore. Occaecati iusto sint ducimus eveniet nulla explicabo.', 3, '2019-11-01 01:21:40', '2019-11-01 01:21:40'),
(167, 20, 'Orie Cummings DDS', 'Ut aspernatur doloribus porro nemo. Quo ut vel aut vel. Consequuntur autem veritatis enim voluptas odit assumenda. Vel eligendi doloremque aut aliquid velit.', 2, '2019-11-01 01:21:40', '2019-11-01 01:21:40'),
(168, 14, 'Prof. Rachelle Lang II', 'Repellat fugiat voluptates ipsum voluptatum et non sequi. Enim nisi alias quo modi. Odit aliquid rerum voluptate magnam.', 3, '2019-11-01 01:21:40', '2019-11-01 01:21:40'),
(169, 92, 'Tony Parker', 'Eaque quam quisquam quos beatae necessitatibus temporibus magni. Vero quaerat consectetur veritatis accusamus.', 3, '2019-11-01 01:21:40', '2019-11-01 01:21:40'),
(170, 30, 'Isidro Rodriguez', 'Saepe est vel delectus ut blanditiis minima et minus. Ducimus aut minus aut et. Sit qui qui eius culpa enim corrupti quidem unde.', 0, '2019-11-01 01:21:40', '2019-11-01 01:21:40'),
(171, 84, 'Fay Reilly', 'Quas quia in modi sapiente est omnis. Et labore rerum fugiat doloremque velit sed molestiae. Repellat voluptas inventore quibusdam aperiam nam omnis.', 5, '2019-11-01 01:21:40', '2019-11-01 01:21:40'),
(172, 80, 'Adeline Bergnaum PhD', 'Aliquid consequuntur repellendus vitae blanditiis eos non dolorem. Incidunt perferendis quibusdam et esse. Consequatur omnis voluptas quis sapiente doloremque.', 5, '2019-11-01 01:21:40', '2019-11-01 01:21:40'),
(173, 97, 'Rossie Waelchi', 'Velit ipsam sint laboriosam qui. Iste enim voluptatem a nihil. Sed itaque dolorum qui optio. Quia reiciendis quaerat et voluptatem repellat illum.', 3, '2019-11-01 01:21:40', '2019-11-01 01:21:40'),
(174, 41, 'Jamison Champlin', 'Commodi nihil eos non pariatur non quos. Ex reiciendis repellendus illum ut. Eum dolor eum et saepe at dolorem.', 4, '2019-11-01 01:21:40', '2019-11-01 01:21:40'),
(175, 54, 'Connor Bashirian', 'Vel est facere velit ut quis saepe iste. Et in officia dignissimos enim. Magni saepe cum eaque veniam aut molestias autem.', 5, '2019-11-01 01:21:40', '2019-11-01 01:21:40'),
(176, 37, 'Bell Wisozk', 'Magnam ea fugiat aut eos. Ut voluptatibus molestiae nihil blanditiis et maiores voluptatum. Voluptatem et perferendis et et earum qui. Ab quia iure pariatur nihil.', 3, '2019-11-01 01:21:40', '2019-11-01 01:21:40'),
(177, 89, 'Elbert Barton', 'Ea vero et dolor dignissimos aut itaque et eveniet. Officia eum aut in ipsum. Velit inventore saepe maxime velit harum laudantium accusantium.', 2, '2019-11-01 01:21:40', '2019-11-01 01:21:40'),
(178, 41, 'Clement Murphy', 'Voluptatem nobis quo eum quia. Corrupti dignissimos est sit.', 4, '2019-11-01 01:21:40', '2019-11-01 01:21:40'),
(179, 100, 'Ephraim Smitham', 'Aut tempora rerum in ut repellat necessitatibus voluptas. Et dolorem et quasi et. Sunt sint minima soluta quia ut est excepturi. Ut modi laborum rerum nulla voluptas et non.', 4, '2019-11-01 01:21:40', '2019-11-01 01:21:40'),
(180, 38, 'Beulah Gulgowski', 'Ut blanditiis quis architecto. Nostrum laborum qui molestiae excepturi quis dolores aut. Dolor dolor quas soluta quod eum quo est. Velit et minus hic vitae voluptas alias.', 2, '2019-11-01 01:21:40', '2019-11-01 01:21:40'),
(181, 30, 'Ms. Lenora Halvorson PhD', 'Dolorem aut et perferendis tempore. Quos ipsam at rerum minus officiis libero dolorem.', 3, '2019-11-01 01:21:40', '2019-11-01 01:21:40'),
(182, 24, 'Muhammad Romaguera', 'Illo aut ratione minima placeat facilis accusantium quas. Tenetur natus repudiandae rerum deleniti totam dolorem sit. Rem vel autem reprehenderit dignissimos omnis.', 1, '2019-11-01 01:21:40', '2019-11-01 01:21:40'),
(183, 51, 'Miss Laila Boyer', 'Maiores sapiente aperiam consequatur eius commodi maxime est. Harum recusandae quisquam perspiciatis qui. Maxime quo et repellendus aut non.', 5, '2019-11-01 01:21:40', '2019-11-01 01:21:40'),
(184, 27, 'Nikki Wolff', 'Ex labore velit ut similique. Voluptatem deserunt quo ipsam reiciendis veritatis laboriosam mollitia. Similique consectetur illo et corrupti repellat. Asperiores quod similique provident commodi ex consectetur non molestias.', 0, '2019-11-01 01:21:40', '2019-11-01 01:21:40'),
(185, 83, 'Hipolito Runolfsson', 'Minus assumenda et ratione deserunt distinctio ut ab. Optio dolores porro iure qui odit.', 0, '2019-11-01 01:21:40', '2019-11-01 01:21:40'),
(186, 28, 'Marlen Wilderman IV', 'Eum dolor optio quia dicta quo numquam enim. Unde culpa molestias officiis tempora laboriosam nihil. Veniam quod et error maiores. Ad voluptas velit quas maxime ut ex id.', 0, '2019-11-01 01:21:40', '2019-11-01 01:21:40'),
(187, 66, 'Sven Hessel', 'Neque corporis ad tempore praesentium vel dicta aliquam. Aspernatur officiis non et. Facilis optio ea veniam molestiae minus veniam. Ut in ut maxime omnis voluptatem possimus.', 3, '2019-11-01 01:21:40', '2019-11-01 01:21:40'),
(188, 88, 'Dr. Tyrique Gusikowski I', 'Exercitationem quia aut rem voluptas fuga. Qui dolores voluptatem quos quam atque eveniet nesciunt.', 4, '2019-11-01 01:21:40', '2019-11-01 01:21:40'),
(189, 43, 'Carlotta Pfeffer', 'Ut nisi ut maxime eos odio. Assumenda facilis ex et nesciunt. Molestias accusamus quis dolor id. Non voluptas voluptas dolor vel distinctio sequi.', 1, '2019-11-01 01:21:40', '2019-11-01 01:21:40'),
(190, 28, 'Simone Herzog', 'Animi sunt in voluptatem. Dolorem quas ipsam in inventore. Ad sequi qui nulla quos. Recusandae labore totam exercitationem voluptatem nesciunt ut minima quod.', 4, '2019-11-01 01:21:40', '2019-11-01 01:21:40'),
(191, 42, 'Ariel Rowe', 'Facere quae ut dolores labore exercitationem nisi. Ex quia magnam sed. Nobis eos quia in nesciunt consectetur.', 4, '2019-11-01 01:21:40', '2019-11-01 01:21:40'),
(192, 57, 'Chad Schmeler', 'Dolores optio reprehenderit eius id voluptas. Itaque iusto eligendi qui enim non sit nulla odio. Mollitia laborum expedita a libero soluta.', 3, '2019-11-01 01:21:40', '2019-11-01 01:21:40'),
(193, 16, 'Miss Delilah Sauer', 'Rem enim in error quas corporis. Voluptatem inventore excepturi veritatis. Temporibus recusandae debitis voluptatum tempore maxime.', 4, '2019-11-01 01:21:40', '2019-11-01 01:21:40'),
(194, 27, 'Eladio Fisher', 'Molestiae sit et modi ullam. Iste minima aut ullam perferendis dolore sunt. Blanditiis voluptas nulla exercitationem quas qui.', 0, '2019-11-01 01:21:40', '2019-11-01 01:21:40'),
(195, 85, 'Kathleen Cruickshank', 'Laboriosam sapiente ut non iusto explicabo ipsum. Saepe provident recusandae reprehenderit aut et. Asperiores nemo sequi dolor voluptas molestias. Autem aut ipsa placeat suscipit.', 2, '2019-11-01 01:21:40', '2019-11-01 01:21:40'),
(196, 71, 'Van Koch', 'Est voluptatum sit delectus provident ut et nemo. Doloremque at rerum quia qui. Iste quod dolores rerum. Impedit repellendus voluptas aperiam voluptate assumenda.', 2, '2019-11-01 01:21:40', '2019-11-01 01:21:40'),
(197, 62, 'Connor Lockman MD', 'Voluptatibus nam qui doloremque non est. Aliquid culpa asperiores delectus neque nostrum nemo blanditiis.', 5, '2019-11-01 01:21:40', '2019-11-01 01:21:40'),
(198, 34, 'Helen Goodwin', 'Repellendus facilis sed sed consequatur et eum et at. Fuga dolor voluptas voluptatem aliquid minima. Similique laborum voluptatem neque repellat. Esse eveniet aut possimus et aut vero ducimus.', 5, '2019-11-01 01:21:40', '2019-11-01 01:21:40'),
(199, 95, 'Electa Wiza', 'Rerum sequi quae totam placeat quos hic omnis. Maiores dolor voluptatem molestias. Et eius qui nulla non ut quasi tempore. Voluptatum et quo et maiores sit et laboriosam tempore.', 3, '2019-11-01 01:21:40', '2019-11-01 01:21:40'),
(200, 78, 'Marc Feil', 'Illum corrupti voluptatem magnam reiciendis. Et aut aut nobis consequatur officiis dolor libero. Molestias ab et sed laudantium cumque sed. Cupiditate ut repellat aut et nobis vel non temporibus.', 5, '2019-11-01 01:21:40', '2019-11-01 01:21:40'),
(201, 84, 'Stephanie Zieme', 'Laboriosam aut quasi officia est. Et voluptas exercitationem non ut consequatur et. Maiores quam molestiae perferendis rem numquam maiores est.', 2, '2019-11-01 01:21:40', '2019-11-01 01:21:40'),
(202, 61, 'Mr. Domenic Shields', 'Repudiandae ratione aliquid dolor reiciendis. Aut nesciunt totam nihil dolore. In tempore aliquam dolore labore magni dolores. Aperiam sint neque ea dolorem laudantium et et.', 2, '2019-11-01 01:21:40', '2019-11-01 01:21:40'),
(203, 44, 'Vicky Okuneva', 'Iusto tenetur velit quibusdam nihil repellat. Omnis et earum minima incidunt voluptas consequuntur. Est nam est provident consequatur officiis aut vel.', 3, '2019-11-01 01:21:40', '2019-11-01 01:21:40'),
(204, 15, 'Taya Herman', 'Non laudantium aut quaerat eius. Reprehenderit quo alias ipsam eaque non soluta facilis. Nam eum alias dolores.', 4, '2019-11-01 01:21:40', '2019-11-01 01:21:40'),
(205, 2, 'Idell Hahn', 'Tempore qui enim deserunt harum voluptatem delectus eum. Nobis reiciendis nostrum eligendi qui. Nihil sit cumque qui incidunt. Illo tempore laboriosam atque voluptatem possimus voluptas blanditiis.', 1, '2019-11-01 01:21:40', '2019-11-01 01:21:40'),
(206, 42, 'Hannah Becker', 'Aut est necessitatibus ullam. Nihil non deleniti quia quae laborum quos. Officia aut iure dignissimos cupiditate sint labore ad. Sit natus quaerat qui iste. Atque fuga accusamus quos ex odio.', 2, '2019-11-01 01:21:40', '2019-11-01 01:21:40'),
(207, 69, 'Dr. Jaleel Jenkins Jr.', 'Quae enim nobis ut voluptas. Omnis cupiditate rerum quisquam. Modi velit animi molestiae sit laboriosam quaerat.', 0, '2019-11-01 01:21:40', '2019-11-01 01:21:40'),
(208, 100, 'Idell Mante', 'Accusantium possimus eaque consectetur autem amet iure sint. Exercitationem accusantium ut modi nihil provident nostrum. Vitae accusantium eos ipsam aut et aut aut voluptate. Repudiandae porro omnis dignissimos hic explicabo laudantium sunt.', 3, '2019-11-01 01:21:40', '2019-11-01 01:21:40'),
(209, 28, 'Mr. Gage Renner IV', 'Eum ut autem dolorum non perspiciatis corrupti. Eveniet dolores voluptatem fuga accusamus optio totam quo. Officiis voluptatem qui cumque occaecati autem dolores beatae. Eveniet illum quidem ipsam dolores suscipit. Doloribus molestiae delectus molestiae quibusdam ut aliquam.', 2, '2019-11-01 01:21:40', '2019-11-01 01:21:40');
INSERT INTO `reviews` (`id`, `product_id`, `customer`, `review`, `star`, `created_at`, `updated_at`) VALUES
(210, 28, 'Tod Lynch', 'Aliquid impedit nihil ut quia cum sint eaque. Quis modi earum pariatur veniam qui similique. Enim quaerat dolor quo consequatur quia porro quos voluptate.', 5, '2019-11-01 01:21:40', '2019-11-01 01:21:40'),
(211, 7, 'Antonia Robel', 'Expedita ut odio accusamus magnam voluptatibus minima. Beatae facere impedit deserunt tempore est et voluptatum placeat. Omnis optio consequatur rerum iusto deleniti et recusandae. Nobis saepe quia eos dolor consequatur in ipsa.', 5, '2019-11-01 01:21:40', '2019-11-01 01:21:40'),
(212, 67, 'Wilbert Gorczany', 'Dolor dolores facilis exercitationem qui ex sit. Aliquam accusamus nemo soluta consequatur. Ab voluptatum at voluptas dolor non maiores et.', 1, '2019-11-01 01:21:40', '2019-11-01 01:21:40'),
(213, 96, 'Naomie Krajcik IV', 'Et velit quia accusamus ea delectus ut pariatur nobis. Sed pariatur illum similique vel autem. Quos similique possimus minima.', 4, '2019-11-01 01:21:40', '2019-11-01 01:21:40'),
(214, 91, 'Jesse Bins', 'Error beatae autem atque voluptatem asperiores quod atque voluptas. Deleniti fuga sed modi quasi adipisci qui. Exercitationem sint rerum voluptatem et temporibus.', 3, '2019-11-01 01:21:40', '2019-11-01 01:21:40'),
(215, 94, 'Prof. Prudence Toy PhD', 'Aut magni in qui velit omnis voluptatem qui est. Animi similique voluptas expedita exercitationem. Alias laboriosam non rem tenetur.', 4, '2019-11-01 01:21:40', '2019-11-01 01:21:40'),
(216, 24, 'Chaz Kutch', 'Debitis provident molestiae enim. Quia aut dolorem reprehenderit aut cupiditate. Quam possimus quas dolore itaque corrupti consequuntur aut. Dolorem quia molestias ut quo et. Eos deserunt voluptatem ea quidem laborum nam praesentium officia.', 0, '2019-11-01 01:21:40', '2019-11-01 01:21:40'),
(217, 99, 'Ruthie Luettgen', 'Tempore laudantium totam harum impedit. Sit minus id asperiores in et. Ut qui omnis eligendi enim.', 1, '2019-11-01 01:21:40', '2019-11-01 01:21:40'),
(218, 40, 'Trenton Jakubowski', 'Sequi cum natus est cumque ipsam. Non blanditiis ut doloribus corrupti eius. Sunt neque nisi voluptatem.', 2, '2019-11-01 01:21:40', '2019-11-01 01:21:40'),
(219, 81, 'Sallie Lebsack', 'Perferendis aut nam qui architecto. Aut consequatur quo optio omnis debitis dolores sapiente. Et architecto nemo facilis iste ipsa soluta quas.', 5, '2019-11-01 01:21:40', '2019-11-01 01:21:40'),
(220, 93, 'Pete Rowe', 'Id saepe ut iste dolor. Dolores ea est est velit. Facilis non accusantium maxime accusantium sint.', 3, '2019-11-01 01:21:40', '2019-11-01 01:21:40'),
(221, 91, 'Delphia Senger', 'Ipsa sint quia est quia et in quia. Delectus quam perspiciatis aperiam est minus.', 3, '2019-11-01 01:21:40', '2019-11-01 01:21:40'),
(222, 55, 'Gennaro Wisozk MD', 'Reiciendis est quia recusandae. Quod debitis et commodi sunt facilis ullam quia. Non beatae odit praesentium quasi. Assumenda qui eligendi et autem illum.', 0, '2019-11-01 01:21:40', '2019-11-01 01:21:40'),
(223, 21, 'Dr. Ari Kihn', 'Perferendis inventore nulla illo vel est minima. Veritatis unde dolorum quos velit rerum sequi explicabo.', 3, '2019-11-01 01:21:40', '2019-11-01 01:21:40'),
(224, 78, 'Dr. Candida Waelchi', 'Est et enim quia quaerat enim. Aut dicta consequuntur fugiat. Culpa architecto omnis ut porro et. Provident et et dicta et facere totam dolores.', 3, '2019-11-01 01:21:40', '2019-11-01 01:21:40'),
(225, 100, 'Jovanny Torphy', 'Eos eum sequi reiciendis in quisquam consequatur nihil. Qui omnis repellat tenetur quis delectus. Id sapiente aspernatur eaque ducimus.', 0, '2019-11-01 01:21:40', '2019-11-01 01:21:40'),
(226, 13, 'Fermin Cormier', 'Aut laborum repellat reiciendis. Accusantium repudiandae rem eos repudiandae fugiat reprehenderit fugit vel. Quae neque ab blanditiis animi ducimus natus rem. Deleniti modi aperiam est.', 4, '2019-11-01 01:21:40', '2019-11-01 01:21:40'),
(227, 16, 'Ruthe Rogahn DVM', 'Aut odit ipsa omnis ut aut. Perspiciatis debitis libero ut consectetur dolores. Veritatis reprehenderit non dolorem praesentium. Iusto natus fuga sed consectetur id.', 4, '2019-11-01 01:21:40', '2019-11-01 01:21:40'),
(228, 76, 'Piper Mayert', 'Qui amet distinctio doloribus perferendis. Sit voluptatem explicabo aliquam et rerum modi quidem. At aut magnam ipsum a. Voluptatum id nulla asperiores impedit dolorem molestias asperiores.', 5, '2019-11-01 01:21:40', '2019-11-01 01:21:40'),
(229, 84, 'Saul Hayes', 'Perspiciatis sint aliquam voluptas architecto. Nobis iste adipisci incidunt sit ea harum voluptas. Est facilis aliquam non sint.', 5, '2019-11-01 01:21:40', '2019-11-01 01:21:40'),
(230, 2, 'Monique Jacobs Jr.', 'Accusamus ut nam deserunt velit. Fugit quae quas quidem culpa tempore facilis. Nemo distinctio nam delectus voluptatibus consectetur quo.', 1, '2019-11-01 01:21:40', '2019-11-01 01:21:40'),
(231, 75, 'Dayna Ledner', 'Et sed quisquam facilis. Facere dolorum sed aut illum animi facilis. Dolores vero doloribus nemo aspernatur fugiat recusandae qui. Ea placeat corrupti quae ut sapiente alias sed.', 0, '2019-11-01 01:21:40', '2019-11-01 01:21:40'),
(232, 56, 'Dr. Maribel Howe V', 'Cumque culpa illum quisquam saepe dignissimos iste minima quidem. Nihil aperiam in vel tenetur. Architecto quia rerum corrupti. Et nulla accusamus quaerat quidem. Aliquam necessitatibus sit voluptatum sit quis molestiae est magni.', 0, '2019-11-01 01:21:40', '2019-11-01 01:21:40'),
(233, 8, 'Esperanza Hilpert', 'Voluptatem rerum quia velit ipsum cumque. Perferendis ut dolores ullam doloremque. Similique architecto porro dolorum nulla eaque. Facilis eum velit ut nostrum.', 5, '2019-11-01 01:21:40', '2019-11-01 01:21:40'),
(234, 51, 'Miss Odie Schroeder IV', 'Sunt saepe facilis hic mollitia dignissimos quod id inventore. Sed eligendi et ut quibusdam eos. Illo beatae ut et voluptas. Vitae dolores cupiditate quidem cumque perferendis molestias.', 1, '2019-11-01 01:21:40', '2019-11-01 01:21:40'),
(235, 99, 'Dr. Ole Wuckert I', 'Suscipit laboriosam ad est expedita quam natus. Delectus voluptate iusto consequuntur sapiente neque aut at. Rerum ut cumque quia libero commodi.', 2, '2019-11-01 01:21:40', '2019-11-01 01:21:40'),
(236, 61, 'Deja Kuphal', 'Ut et eaque et nisi. Suscipit est blanditiis consequatur voluptatem aut. Consequatur id aspernatur tempora dolor eum.', 5, '2019-11-01 01:21:40', '2019-11-01 01:21:40'),
(237, 15, 'Mr. Darion Schmeler', 'Quos unde impedit porro maxime et vel illo. Harum pariatur explicabo corrupti necessitatibus similique officiis. Deleniti velit at alias maiores et reprehenderit.', 3, '2019-11-01 01:21:40', '2019-11-01 01:21:40'),
(238, 84, 'Samson Stark', 'Reprehenderit quo placeat rerum officia error iure. Sapiente et excepturi facere. Suscipit voluptas facere enim eaque.', 5, '2019-11-01 01:21:40', '2019-11-01 01:21:40'),
(239, 12, 'Kiley Kertzmann Jr.', 'Voluptatem voluptatum adipisci nobis vitae et omnis. Commodi officiis iste est hic. Voluptas voluptas quasi quasi. Dignissimos aperiam voluptates voluptas ullam vero velit cum delectus.', 3, '2019-11-01 01:21:40', '2019-11-01 01:21:40'),
(240, 27, 'Dean Weissnat MD', 'Libero vel harum voluptatum ipsam nam velit molestias. Sit et aliquid similique suscipit enim non. Distinctio est assumenda quo voluptas molestias molestias. Quia ut asperiores vel. Soluta quia ut occaecati voluptatem iusto sunt.', 3, '2019-11-01 01:21:40', '2019-11-01 01:21:40'),
(241, 35, 'Kristian Welch', 'Culpa minus totam molestiae eos et eveniet necessitatibus. Recusandae aspernatur ut ratione fugit quisquam ut eaque. Est illum officia necessitatibus.', 4, '2019-11-01 01:21:40', '2019-11-01 01:21:40'),
(242, 42, 'Mr. Louisa Morar I', 'Omnis sed ea molestias libero incidunt distinctio. Ea nihil voluptas praesentium magnam at.', 0, '2019-11-01 01:21:40', '2019-11-01 01:21:40'),
(243, 3, 'Jensen Spinka Jr.', 'Ut harum id et quam magni voluptas asperiores. Enim aut et consequatur. Ratione ex aliquam in nam consequatur labore magni.', 0, '2019-11-01 01:21:41', '2019-11-01 01:21:41'),
(244, 33, 'Viola Gulgowski', 'Beatae velit qui sit sapiente. Deleniti incidunt et accusantium libero est et. Vel ducimus est corporis veritatis laboriosam. Magnam provident consequatur ratione aut voluptas quidem.', 0, '2019-11-01 01:21:41', '2019-11-01 01:21:41'),
(245, 59, 'Laron Wolff', 'Et rem ipsa atque pariatur aspernatur molestiae et. Non impedit nulla vel sed quia. Tempore incidunt ab labore expedita ut repudiandae ut.', 0, '2019-11-01 01:21:41', '2019-11-01 01:21:41'),
(246, 20, 'Myrtie Wisoky', 'Illum quasi ad est ut ad et dolor. Eos at recusandae voluptate. Error reprehenderit tempora exercitationem ut.', 0, '2019-11-01 01:21:41', '2019-11-01 01:21:41'),
(247, 72, 'Ashtyn Braun II', 'Accusamus voluptatem nam quas sed. Illum enim veritatis optio sit vitae doloremque dolorum maiores. In eos neque aspernatur soluta ut. Dignissimos reprehenderit commodi ducimus tempore asperiores.', 0, '2019-11-01 01:21:41', '2019-11-01 01:21:41'),
(248, 15, 'Dr. Berry Beier', 'Nihil quas est cumque perspiciatis non vitae aliquam mollitia. Magni modi atque modi qui.', 5, '2019-11-01 01:21:41', '2019-11-01 01:21:41'),
(249, 74, 'Nicolas Hirthe', 'Quia velit laudantium ut reprehenderit veritatis in corporis. Molestiae eligendi ullam consequuntur voluptatem corporis.', 4, '2019-11-01 01:21:41', '2019-11-01 01:21:41'),
(250, 76, 'Selena Volkman III', 'Voluptas et eum error iste esse exercitationem. Impedit nam quia quia quod officiis. Vitae esse natus iste tempora est soluta alias. Accusamus deserunt quia animi illo sunt voluptatem.', 0, '2019-11-01 01:21:41', '2019-11-01 01:21:41'),
(251, 16, 'Mrs. Antonina Rohan IV', 'Rem ea dolorum eius numquam qui dolorum a ratione. Corrupti saepe dolor sed molestiae neque. Voluptatem omnis ipsam consequatur sequi consequatur eligendi.', 0, '2019-11-01 01:21:41', '2019-11-01 01:21:41'),
(252, 27, 'Madisyn Crooks', 'Porro rerum voluptas provident sint. Rerum quis rem est quo nobis. Quo fugit enim deserunt reiciendis ipsum et nostrum repellendus.', 1, '2019-11-01 01:21:41', '2019-11-01 01:21:41'),
(253, 92, 'Bella Goodwin', 'Necessitatibus vero repellendus consequatur ratione. Officia ut quas corporis non quos perspiciatis maiores facilis.', 1, '2019-11-01 01:21:41', '2019-11-01 01:21:41'),
(254, 62, 'Viviane Johns', 'Error dolorum sequi nostrum asperiores quas. Nobis sit ea ut est odio amet. Assumenda harum et optio animi. Tempora consequuntur aliquid eaque est voluptatem.', 5, '2019-11-01 01:21:41', '2019-11-01 01:21:41'),
(255, 47, 'Marian Sanford', 'Similique ipsa dignissimos ad blanditiis delectus minus non. Ullam cum est maxime eum velit dolor voluptas vitae. Praesentium blanditiis veritatis expedita assumenda ut.', 4, '2019-11-01 01:21:41', '2019-11-01 01:21:41'),
(256, 83, 'Cleora Moen', 'Magnam sint alias temporibus est fugiat. Sit magni optio odit et in expedita qui. Voluptas dignissimos officiis qui enim deleniti. Accusantium quibusdam veritatis quia harum nihil ut qui.', 4, '2019-11-01 01:21:41', '2019-11-01 01:21:41'),
(257, 15, 'Miss Alva Altenwerth Jr.', 'Molestias ea recusandae numquam et. Dolorem vel recusandae ut recusandae et unde. Voluptatem consequatur autem eius quo atque minima est.', 0, '2019-11-01 01:21:41', '2019-11-01 01:21:41'),
(258, 62, 'Tracy Stoltenberg', 'Molestiae qui sint ea voluptatem magnam necessitatibus optio enim. Eaque officiis sequi similique ipsam a autem voluptatem. Aliquid nemo quia quod beatae sequi.', 5, '2019-11-01 01:21:41', '2019-11-01 01:21:41'),
(259, 30, 'Alberta Brown', 'Ex beatae eos voluptatum explicabo cupiditate eius sit. Voluptas iure autem mollitia explicabo inventore eaque vel. Optio consectetur quaerat ut voluptatibus aut provident magni. Quia sit sed dolore animi.', 1, '2019-11-01 01:21:41', '2019-11-01 01:21:41'),
(260, 90, 'Sandrine Kilback', 'Et repellendus ut vel tempora vero voluptas. Eius ea totam error. Cumque enim velit et quod itaque ut fugit tempore. Magni molestiae et aut laudantium rerum. Voluptatibus occaecati eum ducimus est consequatur deleniti facere.', 4, '2019-11-01 01:21:41', '2019-11-01 01:21:41'),
(261, 35, 'Timothy Huels III', 'Quia non pariatur ea dolores ducimus quidem quo. Mollitia dolores in ut a voluptatem iure qui. Reiciendis quibusdam ut quod velit qui autem sequi dolore.', 0, '2019-11-01 01:21:41', '2019-11-01 01:21:41'),
(262, 31, 'Demario Gusikowski', 'Velit nisi doloribus quia sunt quam unde. Nobis nam occaecati sit sunt inventore culpa. Inventore et consectetur quam voluptate voluptatem necessitatibus. Atque voluptatibus iure corporis occaecati odit sed veritatis velit.', 4, '2019-11-01 01:21:41', '2019-11-01 01:21:41'),
(263, 96, 'Mertie Nader', 'Numquam aut aliquam voluptatum quia voluptas explicabo. Ut facilis et aut facere eos nihil eum.', 5, '2019-11-01 01:21:41', '2019-11-01 01:21:41'),
(264, 70, 'Tressa Smith IV', 'Porro accusantium quam culpa dicta eaque sint. Ab doloremque laboriosam sequi dolore autem expedita. Non in eveniet qui enim. Non consequatur accusantium ut amet iusto et facere sapiente.', 0, '2019-11-01 01:21:41', '2019-11-01 01:21:41'),
(265, 40, 'Mr. Alfredo Roberts DDS', 'Reprehenderit id voluptatibus exercitationem. Ipsa similique atque totam dolorem ipsum eum ipsam.', 1, '2019-11-01 01:21:41', '2019-11-01 01:21:41'),
(266, 76, 'Delphia Tillman', 'Sed non aspernatur cum eaque et voluptatum et. Cumque dolorem itaque necessitatibus expedita. Maiores laborum expedita qui qui et et. Reiciendis quidem nulla a impedit.', 5, '2019-11-01 01:21:41', '2019-11-01 01:21:41'),
(267, 58, 'Anissa Gerlach', 'Adipisci voluptatem harum soluta hic quo. Facilis eos natus qui adipisci qui et quaerat. Ipsum dolores et qui iure ut libero. Illo voluptas laudantium qui qui est expedita.', 4, '2019-11-01 01:21:41', '2019-11-01 01:21:41'),
(268, 95, 'Chad Legros', 'Earum nisi ut molestiae quasi sequi suscipit. Itaque similique maiores enim odio. Molestias dicta sit illum voluptatum aut non.', 4, '2019-11-01 01:21:41', '2019-11-01 01:21:41'),
(269, 73, 'Mr. Winfield Dooley DDS', 'Id esse aut recusandae officia eos necessitatibus. Nobis nam quas minus velit animi. Fugit qui aut aperiam hic officia quam et. Laudantium tenetur error quod aut.', 2, '2019-11-01 01:21:41', '2019-11-01 01:21:41'),
(270, 49, 'Florida Donnelly MD', 'Laudantium at cupiditate error soluta. Adipisci ut nihil iure. Natus quos sit tenetur fugit corporis delectus. Ea autem ducimus eos culpa.', 1, '2019-11-01 01:21:41', '2019-11-01 01:21:41'),
(271, 5, 'Elyse Weimann', 'Vero ut at et ab earum dolor sapiente sed. Aut repudiandae blanditiis aperiam harum. Est explicabo enim neque ipsa eum.', 5, '2019-11-01 01:21:41', '2019-11-01 01:21:41'),
(272, 26, 'Mr. Mathias Bradtke MD', 'Officiis neque repellat eos repudiandae veritatis quod. Cupiditate necessitatibus hic non. Sunt totam nobis tempora qui. Corrupti rerum eveniet repudiandae quisquam id.', 0, '2019-11-01 01:21:41', '2019-11-01 01:21:41'),
(273, 13, 'Prof. Jovani Spencer', 'Ratione quo excepturi eum sapiente velit. Velit impedit minima quis iusto aut quas blanditiis. Eaque molestiae dolor possimus vero sit labore. Inventore eum sapiente facilis ex veniam. Corrupti nihil aut reprehenderit ad ut et at.', 0, '2019-11-01 01:21:41', '2019-11-01 01:21:41'),
(274, 23, 'Velda Parisian', 'Rerum rerum sint dolores. Nisi illum omnis eum voluptate. Ea adipisci et molestiae possimus sint non. Qui repellendus sed eveniet error qui repellendus.', 1, '2019-11-01 01:21:41', '2019-11-01 01:21:41'),
(275, 44, 'Prof. Deon Rogahn', 'Id porro eum et libero ratione a. Sapiente corrupti ad eos ea. Eaque fuga laboriosam dolorum in repellendus corrupti eos.', 3, '2019-11-01 01:21:41', '2019-11-01 01:21:41'),
(276, 73, 'Miss Madisyn Lynch', 'Quidem eos in sunt atque et dignissimos. Quia autem porro in aspernatur. Quas voluptates ut iure. Voluptate pariatur fugiat illum consectetur. Excepturi consequatur nam cupiditate repellendus minima dolorem.', 2, '2019-11-01 01:21:41', '2019-11-01 01:21:41'),
(277, 7, 'Brendan Goodwin', 'Tenetur sit soluta explicabo placeat dolorem. Quia ullam voluptatibus reiciendis est dolores sed quo.', 3, '2019-11-01 01:21:41', '2019-11-01 01:21:41'),
(278, 46, 'Prof. Anastacio Toy II', 'Tenetur hic blanditiis repellat. Eaque molestias sint accusamus sed voluptas sit et. Consequatur facilis aspernatur quos nihil fugit id. Odio tempore et dolorem id et.', 0, '2019-11-01 01:21:41', '2019-11-01 01:21:41'),
(279, 65, 'Imani Champlin', 'Sunt maiores velit facere dolor est. Quibusdam et rerum rerum eum harum. Dicta occaecati rem accusantium. Beatae illo voluptatibus enim eius necessitatibus aut.', 0, '2019-11-01 01:21:41', '2019-11-01 01:21:41'),
(280, 26, 'Johathan Mitchell', 'Repellendus mollitia totam nulla velit dignissimos. Et consequatur autem provident dignissimos. Architecto qui cumque nisi. Ut rerum maxime illo accusantium.', 2, '2019-11-01 01:21:41', '2019-11-01 01:21:41'),
(281, 32, 'Dr. Joesph Osinski', 'Porro nihil non omnis nemo sit qui. Rem possimus hic vel nemo tempora aliquam et.', 2, '2019-11-01 01:21:41', '2019-11-01 01:21:41'),
(282, 16, 'Cyril Crona II', 'Quo similique sint id voluptatem eum illum. Dicta sed impedit excepturi esse magnam. Et nulla minus reprehenderit eum voluptatem.', 2, '2019-11-01 01:21:41', '2019-11-01 01:21:41'),
(283, 73, 'Oceane Kemmer', 'Dolore corrupti aut porro itaque dolore illo tenetur. Aspernatur quia ratione et accusantium distinctio. Iusto eaque commodi culpa quisquam.', 1, '2019-11-01 01:21:41', '2019-11-01 01:21:41'),
(284, 40, 'Reggie Morissette', 'Eveniet soluta aliquid aut qui nihil. Quidem ut aut et et. Harum consectetur itaque pariatur et rem autem exercitationem. Enim molestiae voluptatem officiis sapiente.', 2, '2019-11-01 01:21:41', '2019-11-01 01:21:41'),
(285, 82, 'Enrico Ondricka', 'Et sed nulla vero repudiandae qui vel facere doloremque. Totam nesciunt sapiente eaque quo voluptatem qui. Inventore voluptatem enim debitis. Aspernatur sint pariatur unde tempora alias.', 5, '2019-11-01 01:21:41', '2019-11-01 01:21:41'),
(286, 44, 'Natalia Glover', 'Sapiente quam soluta rerum alias quibusdam. Rem quibusdam qui omnis ut quos enim quia. Odio dolor est aut dicta.', 0, '2019-11-01 01:21:41', '2019-11-01 01:21:41'),
(287, 51, 'Prof. August Willms IV', 'Voluptatem ut nostrum quia. Veniam magni sunt et non esse. Nisi voluptatibus saepe nostrum et minima. Minus rerum quia fugit.', 4, '2019-11-01 01:21:41', '2019-11-01 01:21:41'),
(288, 74, 'Bobbie Herzog', 'Quo qui eligendi aut sit. Ea doloribus libero magnam perferendis.', 3, '2019-11-01 01:21:41', '2019-11-01 01:21:41'),
(289, 45, 'Amir Bernier', 'Quo voluptate reprehenderit voluptas. Quos est natus aperiam excepturi. Est tempore ratione consequuntur ea voluptate qui.', 3, '2019-11-01 01:21:41', '2019-11-01 01:21:41'),
(290, 33, 'Immanuel Medhurst', 'Aspernatur facilis in quae dolor fuga modi sit culpa. Commodi nisi voluptatibus et reprehenderit voluptatem minus qui explicabo. Quia ipsa harum aspernatur veritatis ut reiciendis. Perspiciatis quo expedita nulla repudiandae fuga minima adipisci. Voluptas culpa debitis impedit similique.', 2, '2019-11-01 01:21:41', '2019-11-01 01:21:41'),
(291, 71, 'Ms. Aliyah VonRueden', 'Aut esse ut amet et quod consectetur numquam. Minima est eos voluptas iste cupiditate quibusdam.', 1, '2019-11-01 01:21:41', '2019-11-01 01:21:41'),
(292, 85, 'Priscilla Stamm', 'Ipsum aut aliquam nulla est est voluptatum expedita qui. Esse voluptas illo soluta fuga non nemo incidunt. Iusto voluptas numquam sit consequatur et sapiente maiores enim.', 3, '2019-11-01 01:21:41', '2019-11-01 01:21:41'),
(293, 66, 'Maiya Satterfield', 'Quia sapiente aut qui ipsum et architecto et. Omnis neque quia dolorum et. Eum qui fugit unde aut dolores et quas deleniti.', 1, '2019-11-01 01:21:41', '2019-11-01 01:21:41'),
(294, 43, 'Jerrold Moore', 'Minus possimus reprehenderit est est dolor eaque in. Minima consequatur libero explicabo non aut. Eaque iste aut repellendus ipsa quasi.', 5, '2019-11-01 01:21:41', '2019-11-01 01:21:41'),
(295, 74, 'Jayde Huel', 'Voluptate omnis dolores possimus similique amet non quod. Minus sit sed enim corrupti quasi ipsam. Eaque rerum qui autem. Repudiandae possimus ipsum sunt soluta veniam aspernatur.', 5, '2019-11-01 01:21:41', '2019-11-01 01:21:41'),
(296, 50, 'Miss Tess Kilback IV', 'Excepturi sequi sunt deleniti et illo. Ut sequi atque deserunt sequi ex. Possimus corporis minima et iusto ipsam molestias.', 0, '2019-11-01 01:21:41', '2019-11-01 01:21:41'),
(297, 35, 'Samson Orn', 'Quia qui voluptatem ex molestias repellat recusandae. Non molestiae iusto non repellendus molestiae. Aperiam explicabo praesentium voluptatem vel est amet veritatis. Libero maxime rerum aut maiores. Ex porro illum eos voluptate consequatur numquam.', 4, '2019-11-01 01:21:41', '2019-11-01 01:21:41'),
(298, 31, 'Prof. Junius Cronin Sr.', 'Voluptatibus recusandae est deserunt molestias quae consectetur nisi. Quia et dolore dicta est et molestiae et. Voluptate omnis quo possimus quis exercitationem laboriosam sit. Quisquam molestias voluptas soluta facere atque impedit sint.', 3, '2019-11-01 01:21:41', '2019-11-01 01:21:41'),
(299, 20, 'Mr. Newton Hoeger', 'Qui non aut aut eum aliquam repellendus. Dolorem occaecati amet voluptate maiores. Ab maxime delectus inventore id aliquam non consequatur.', 5, '2019-11-01 01:21:41', '2019-11-01 01:21:41'),
(300, 30, 'Clemmie O\'Conner', 'Aut est architecto vel ipsum ad qui. Impedit ea tempore quo quis autem consequuntur. Enim ut vitae non eos dolor molestiae et.', 2, '2019-11-01 01:21:41', '2019-11-01 01:21:41');

-- --------------------------------------------------------

--
-- Table structure for table `users`
--

CREATE TABLE `users` (
  `id` bigint(20) UNSIGNED NOT NULL,
  `name` varchar(255) COLLATE utf8mb4_unicode_ci NOT NULL,
  `email` varchar(255) COLLATE utf8mb4_unicode_ci NOT NULL,
  `email_verified_at` timestamp NULL DEFAULT NULL,
  `password` varchar(255) COLLATE utf8mb4_unicode_ci NOT NULL,
  `remember_token` varchar(100) COLLATE utf8mb4_unicode_ci DEFAULT NULL,
  `created_at` timestamp NULL DEFAULT NULL,
  `updated_at` timestamp NULL DEFAULT NULL
) ENGINE=InnoDB DEFAULT CHARSET=utf8mb4 COLLATE=utf8mb4_unicode_ci;

--
-- Indexes for dumped tables
--

--
-- Indexes for table `failed_jobs`
--
ALTER TABLE `failed_jobs`
  ADD PRIMARY KEY (`id`);

--
-- Indexes for table `migrations`
--
ALTER TABLE `migrations`
  ADD PRIMARY KEY (`id`);

--
-- Indexes for table `password_resets`
--
ALTER TABLE `password_resets`
  ADD KEY `password_resets_email_index` (`email`);

--
-- Indexes for table `products`
--
ALTER TABLE `products`
  ADD PRIMARY KEY (`id`);

--
-- Indexes for table `reviews`
--
ALTER TABLE `reviews`
  ADD PRIMARY KEY (`id`),
  ADD KEY `reviews_product_id_index` (`product_id`);

--
-- Indexes for table `users`
--
ALTER TABLE `users`
  ADD PRIMARY KEY (`id`),
  ADD UNIQUE KEY `users_email_unique` (`email`);

--
-- AUTO_INCREMENT for dumped tables
--

--
-- AUTO_INCREMENT for table `failed_jobs`
--
ALTER TABLE `failed_jobs`
  MODIFY `id` bigint(20) UNSIGNED NOT NULL AUTO_INCREMENT;

--
-- AUTO_INCREMENT for table `migrations`
--
ALTER TABLE `migrations`
  MODIFY `id` int(10) UNSIGNED NOT NULL AUTO_INCREMENT, AUTO_INCREMENT=6;

--
-- AUTO_INCREMENT for table `products`
--
ALTER TABLE `products`
  MODIFY `id` bigint(20) UNSIGNED NOT NULL AUTO_INCREMENT, AUTO_INCREMENT=101;

--
-- AUTO_INCREMENT for table `reviews`
--
ALTER TABLE `reviews`
  MODIFY `id` bigint(20) UNSIGNED NOT NULL AUTO_INCREMENT, AUTO_INCREMENT=301;

--
-- AUTO_INCREMENT for table `users`
--
ALTER TABLE `users`
  MODIFY `id` bigint(20) UNSIGNED NOT NULL AUTO_INCREMENT;

--
-- Constraints for dumped tables
--

--
-- Constraints for table `reviews`
--
ALTER TABLE `reviews`
  ADD CONSTRAINT `reviews_product_id_foreign` FOREIGN KEY (`product_id`) REFERENCES `products` (`id`) ON DELETE CASCADE;
COMMIT;

/*!40101 SET CHARACTER_SET_CLIENT=@OLD_CHARACTER_SET_CLIENT */;
/*!40101 SET CHARACTER_SET_RESULTS=@OLD_CHARACTER_SET_RESULTS */;
/*!40101 SET COLLATION_CONNECTION=@OLD_COLLATION_CONNECTION */;
